Open Time,Open,High,Low,Close,Volume
2020-02-10,25.070,25.907,24.031,25.189,1405091.86
2020-02-11,25.190,25.864,24.250,25.705,1783061.99
2020-02-12,25.705,26.980,25.347,26.451,1311285.47
2020-02-13,26.452,27.397,24.580,25.456,1451755.42
2020-02-14,25.455,26.697,25.043,26.384,1271237.03
2020-02-15,26.373,26.600,23.250,24.239,1601280.92
2020-02-16,24.225,25.302,21.780,23.389,1775025.82
2020-02-17,23.355,23.623,21.519,23.452,2036473.78
2020-02-18,23.462,24.519,22.726,24.094,1293664.26
2020-02-19,24.107,24.392,21.391,22.367,1411342.31
2020-02-20,22.362,22.723,21.000,22.191,1244980.04
2020-02-21,22.172,22.933,21.815,22.209,972969.37
2020-02-22,22.221,22.374,21.510,22.008,736112.42
2020-02-23,22.007,22.997,21.977,22.868,1007250.63
2020-02-24,22.871,23.288,21.512,22.110,1270055.15
2020-02-25,22.111,22.130,20.139,20.340,1444417.18
2020-02-26,20.345,20.547,17.870,18.729,2294044.51
2020-02-27,18.723,19.635,17.701,19.154,1684886.46
2020-02-28,19.150,19.755,17.920,19.001,1718113.47
2020-02-29,19.001,20.300,18.802,19.257,1734548.17
2020-03-01,19.250,19.913,18.500,18.900,2131016.51
2020-03-02,18.909,20.051,18.768,19.900,1782168.95
2020-03-03,19.901,20.382,19.330,19.685,1607025.05
2020-03-04,19.684,20.273,19.540,19.969,1399024.21
2020-03-05,19.969,21.472,19.965,20.754,1955491.71
2020-03-06,20.750,21.770,20.692,21.379,1659669.26
2020-03-07,21.379,21.500,19.778,20.269,1393981.18
2020-03-08,20.270,20.270,16.715,16.897,2287497.85
2020-03-09,16.886,17.465,15.628,16.589,3446761.01
2020-03-10,16.603,17.450,16.289,16.850,2417921.41
2020-03-11,16.868,17.129,15.423,16.591,2157510.13
2020-03-12,16.591,16.628,8.873,9.277,8451829.08
2020-03-13,9.230,11.708,6.236,10.958,11581062.71
2020-03-14,10.952,11.300,9.875,10.135,2772315.36
2020-03-15,10.140,11.329,9.971,10.393,2073135.23
2020-03-16,10.388,10.404,8.380,9.422,4585965.54
2020-03-17,9.432,10.531,9.326,10.241,2676624.01
2020-03-18,10.237,10.425,9.658,10.392,2128780.82
2020-03-19,10.393,12.699,10.245,12.267,2968162.77
2020-03-20,12.263,13.697,10.307,11.911,3028060.57
2020-03-21,11.912,12.439,11.272,12.101,2299755.97
2020-03-22,12.105,12.483,11.020,11.160,2451920.35
2020-03-23,11.159,12.520,10.765,12.172,2267239.39
2020-03-24,12.174,12.575,11.906,12.404,1739021.07
2020-03-25,12.400,12.708,11.960,12.304,1748919.99
2020-03-26,12.307,13.267,12.100,13.202,1089249.85
2020-03-27,13.201,13.386,12.039,12.317,1496285.83
2020-03-28,12.300,12.348,11.610,12.175,1325113.38
2020-03-29,12.177,12.228,11.260,11.267,962357.57
2020-03-30,11.273,12.424,11.225,12.123,1233496.79
2020-03-31,12.128,12.750,12.100,12.536,1326495.93
2020-04-01,12.539,12.748,11.960,12.706,1409144.95
2020-04-02,12.706,13.755,12.500,13.008,1867018.75
2020-04-03,13.015,13.578,12.912,13.359,1364218.69
2020-04-04,13.361,14.051,13.136,13.781,2264887.58
2020-04-05,13.776,13.969,13.411,13.699,1172217.67
2020-04-06,13.696,15.232,13.639,15.189,1945463.95
2020-04-07,15.189,15.512,14.250,14.725,2241051.33
2020-04-08,14.728,15.377,14.567,15.098,1491320.55
2020-04-09,15.102,15.218,14.611,15.013,1257983.36
2020-04-10,15.012,15.082,13.455,13.708,1903505.01
2020-04-11,13.708,14.090,13.519,13.804,1163328.91
2020-04-12,13.812,14.846,13.639,14.287,1590489.30
2020-04-13,14.282,15.075,13.500,15.000,4021749.59
2020-04-14,15.001,15.954,14.763,15.593,4569526.70
2020-04-15,15.589,15.811,14.467,14.544,2880471.05
2020-04-16,14.544,15.767,14.069,15.737,3098334.13
2020-04-17,15.739,15.920,15.139,15.610,2188537.87
2020-04-18,15.610,16.823,15.600,16.580,2281422.62
2020-04-19,16.579,16.669,15.770,16.035,1830505.32
2020-04-20,16.030,16.456,14.775,14.928,2594135.67
2020-04-21,14.924,15.422,14.666,15.113,2440212.54
2020-04-22,15.103,15.823,14.913,15.697,1604788.72
2020-04-23,15.697,16.463,15.379,16.049,2065896.92
2020-04-24,16.055,16.269,15.658,15.930,1552796.52
2020-04-25,15.923,16.449,15.740,16.233,1260384.21
2020-04-26,16.235,16.430,15.952,16.347,1213378.93
2020-04-27,16.348,16.567,16.043,16.414,1340597.08
2020-04-28,16.402,16.465,16.140,16.335,1016776.69
2020-04-29,16.335,17.495,16.294,17.333,2061367.45
2020-04-30,17.327,18.137,16.320,16.928,3117440.20
2020-05-01,16.916,17.856,16.909,17.440,1970326.21
2020-05-02,17.439,17.568,17.248,17.520,952641.13
2020-05-03,17.519,17.799,16.771,17.083,1213703.65
2020-05-04,17.081,17.267,16.250,17.003,1525917.37
2020-05-05,16.998,17.294,16.585,16.850,1147397.72
2020-05-06,16.852,17.139,16.350,16.391,1058713.80
2020-05-07,16.388,17.242,16.024,16.997,1291777.28
2020-05-08,16.999,17.400,16.817,17.145,1168733.80
2020-05-09,17.145,17.495,16.754,16.766,1096794.81
2020-05-10,16.763,16.795,13.630,15.309,2530265.21
2020-05-11,15.306,15.522,14.014,15.073,1827284.58
2020-05-12,15.085,16.220,14.966,15.756,1966025.46
2020-05-13,15.756,16.361,15.627,16.177,1107585.56
2020-05-14,16.182,16.693,15.976,16.361,1152546.06
2020-05-15,16.368,16.451,15.542,15.710,1105577.41
2020-05-16,15.707,16.228,15.577,16.059,738007.81
2020-05-17,16.060,16.522,16.004,16.293,704263.00
2020-05-18,16.294,16.872,16.235,16.638,791209.22
2020-05-19,16.640,17.250,16.302,17.215,1083398.38
2020-05-20,17.211,17.348,16.450,16.887,1036929.85
2020-05-21,16.891,17.064,15.732,16.097,1410902.92
2020-05-22,16.092,16.924,15.935,16.606,1110318.45
2020-05-23,16.606,16.866,16.345,16.490,660987.44
2020-05-24,16.489,16.803,15.929,15.952,833129.55
2020-05-25,15.943,16.426,15.789,16.385,1036864.54
2020-05-26,16.385,16.503,15.972,16.219,861433.70
2020-05-27,16.214,16.517,16.162,16.481,715038.99
2020-05-28,16.481,17.160,16.413,17.092,754792.47
2020-05-29,17.090,17.208,16.642,17.016,956578.12
2020-05-30,17.010,17.800,16.937,17.737,1149486.18
2020-05-31,17.738,18.203,16.854,17.089,1550100.17
2020-06-01,17.098,18.173,16.983,17.956,1316915.19
2020-06-02,17.968,18.228,16.556,17.274,1588636.39
2020-06-03,17.282,17.621,16.962,17.573,870634.86
2020-06-04,17.573,17.658,17.050,17.526,925519.02
2020-06-05,17.525,17.909,17.440,17.686,1258405.64
2020-06-06,17.691,17.794,17.500,17.567,713949.46
2020-06-07,17.567,17.650,16.870,17.415,972665.27
2020-06-08,17.416,17.561,17.250,17.453,484372.68
2020-06-09,17.453,17.521,17.010,17.383,492253.86
2020-06-10,17.382,17.590,17.175,17.419,584324.54
2020-06-11,17.414,17.536,15.861,16.231,1058267.51
2020-06-12,16.234,16.822,16.078,16.643,678208.71
2020-06-13,16.645,16.822,16.490,16.807,439411.15
2020-06-14,16.809,16.819,16.391,16.566,498068.67
2020-06-15,16.566,16.606,15.404,16.378,1054648.72
2020-06-16,16.384,16.650,16.153,16.429,611416.87
2020-06-17,16.427,16.660,15.966,16.390,732374.44
2020-06-18,16.389,16.550,15.878,16.169,658968.53
2020-06-19,16.168,16.306,15.900,15.966,609887.35
2020-06-20,15.966,16.151,15.688,16.071,555612.11
2020-06-21,16.076,16.335,15.936,15.982,443718.08
2020-06-22,15.982,16.573,15.962,16.514,604840.29
2020-06-23,16.509,16.568,16.291,16.396,547942.90
2020-06-24,16.396,16.666,15.955,16.037,914643.91
2020-06-25,16.037,16.093,15.444,15.925,717234.89
2020-06-26,15.920,15.997,15.587,15.778,527797.39
2020-06-27,15.778,15.895,14.701,15.139,676888.50
2020-06-28,15.133,15.502,14.866,15.386,499658.43
2020-06-29,15.394,15.600,15.203,15.480,593042.75
2020-06-30,15.487,15.562,15.272,15.411,452224.78
2020-07-01,15.411,15.892,15.329,15.819,719045.93
2020-07-02,15.819,15.978,15.065,15.375,979124.16
2020-07-03,15.371,15.498,15.260,15.288,401055.73
2020-07-04,15.288,15.638,15.251,15.574,435268.81
2020-07-05,15.574,15.615,15.116,15.502,504443.13
2020-07-06,15.503,16.367,15.463,16.324,1083247.77
2020-07-07,16.322,16.900,16.020,16.837,1773432.41
2020-07-08,16.832,17.470,16.597,17.290,2040324.55
2020-07-09,17.291,17.530,16.504,16.844,1905706.54
2020-07-10,16.842,17.370,16.455,17.325,1664970.06
2020-07-11,17.327,17.695,17.023,17.631,1874795.70
2020-07-12,17.640,18.619,17.611,18.312,3517420.62
2020-07-13,18.313,19.069,17.800,18.419,3628616.74
2020-07-14,18.414,18.795,17.700,18.090,2879951.02
2020-07-15,18.088,18.175,17.412,17.648,2184575.72
2020-07-16,17.651,17.798,16.426,17.171,2538439.31
2020-07-17,17.168,17.484,16.950,17.073,1713580.97
2020-07-18,17.071,17.350,16.816,17.156,1330795.71
2020-07-19,17.158,18.141,16.871,18.039,3496898.97
2020-07-20,18.041,18.333,17.249,17.493,2566534.66
2020-07-21,17.482,17.990,17.404,17.737,1532182.84
2020-07-22,17.730,18.133,17.448,18.103,1322551.32
2020-07-23,18.115,18.788,18.056,18.768,2188672.07
2020-07-24,18.764,19.583,18.248,19.204,3673730.88
2020-07-25,19.206,20.081,19.154,19.840,2662190.38
2020-07-26,19.840,20.340,19.112,19.577,2425776.85
2020-07-27,19.580,20.222,18.331,19.792,3493682.10
2020-07-28,19.789,20.730,19.480,20.184,3005300.19
2020-07-29,20.180,20.435,19.779,19.901,1425583.56
2020-07-30,19.906,20.149,19.521,19.978,1221121.31
2020-07-31,19.988,20.880,19.950,20.686,1898997.59
2020-08-01,20.683,21.799,20.598,21.646,2430826.19
2020-08-02,21.641,22.250,18.546,20.959,3083866.51
2020-08-03,20.961,22.562,20.615,22.064,3221483.44
2020-08-04,22.064,22.465,21.439,22.323,2212028.31
2020-08-05,22.324,23.550,22.084,23.236,3451873.87
2020-08-06,23.235,23.274,22.500,22.760,2125780.63
2020-08-07,22.757,23.000,21.010,22.334,3142139.90
2020-08-08,22.334,22.914,21.813,22.909,1839275.06
2020-08-09,22.908,22.918,22.000,22.416,1440236.79
2020-08-10,22.426,22.806,22.000,22.656,1659355.72
2020-08-11,22.655,22.792,20.600,21.278,2437916.51
2020-08-12,21.289,22.021,20.509,21.503,2215072.53
2020-08-13,21.503,21.896,20.669,21.789,2571288.23
2020-08-14,21.798,23.356,21.273,23.141,3798335.65
2020-08-15,23.141,23.820,22.755,23.107,2360235.15
2020-08-16,23.096,23.833,22.707,23.540,2005272.88
2020-08-17,23.540,24.081,22.940,23.503,2257776.71
2020-08-18,23.504,23.806,22.319,23.016,1861857.37
2020-08-19,23.016,23.279,21.810,22.376,2064063.08
2020-08-20,22.393,23.350,22.043,23.122,1896105.42
2020-08-21,23.127,23.350,21.711,22.123,2267255.76
2020-08-22,22.122,22.274,21.297,22.216,1571139.74
2020-08-23,22.217,22.261,21.554,21.853,1251991.61
2020-08-24,21.854,23.002,21.680,22.600,1323978.32
2020-08-25,22.600,22.667,21.000,21.400,1704436.47
2020-08-26,21.400,22.531,21.282,22.212,1877357.34
2020-08-27,22.210,23.178,21.834,23.129,2558646.21
2020-08-28,23.129,23.609,22.624,23.095,1990551.98
2020-08-29,23.098,23.534,22.764,22.952,1333272.92
2020-08-30,22.951,23.900,22.903,23.642,1582433.86
2020-08-31,23.641,24.019,22.950,23.166,1504888.98
2020-09-01,23.167,25.672,22.822,24.756,3228209.34
2020-09-02,24.756,25.908,23.000,24.756,4638282.25
2020-09-03,24.759,25.568,19.810,20.424,6460942.13
2020-09-04,20.410,21.843,19.077,20.940,4451249.08
2020-09-05,20.942,21.464,17.890,19.430,3265792.40
2020-09-06,19.415,23.471,18.503,23.137,5373191.20
2020-09-07,23.120,23.564,19.911,22.398,4554593.01
2020-09-08,22.405,23.396,21.250,23.180,4193590.98
2020-09-09,23.177,24.480,22.350,24.417,3386032.27
2020-09-10,24.403,25.577,24.057,24.509,3221589.03
2020-09-11,24.512,25.684,23.019,25.365,3076021.80
2020-09-12,25.347,28.507,25.325,28.395,5342732.98
2020-09-13,28.397,32.360,28.006,31.142,9514711.33
2020-09-14,31.139,33.302,29.050,30.856,10524610.07
2020-09-15,30.867,30.899,26.688,27.086,10130811.09
2020-09-16,27.088,28.300,25.577,27.816,6869769.43
2020-09-17,27.816,28.741,26.055,26.989,4643696.37
2020-09-18,26.988,28.824,26.607,27.653,4628880.80
2020-09-19,27.660,28.054,26.685,27.226,2224710.77
2020-09-20,27.226,27.374,25.111,26.324,3280892.10
2020-09-21,26.329,26.652,22.200,23.120,6839808.24
2020-09-22,23.120,24.594,22.662,24.051,4183191.74
2020-09-23,24.051,24.366,22.435,22.839,3723770.38
2020-09-24,22.839,24.679,22.562,24.560,2921696.68
2020-09-25,24.560,25.089,23.726,24.677,2493303.30
2020-09-26,24.674,26.444,24.454,26.162,2570949.91
2020-09-27,26.162,26.850,25.466,26.219,2814420.58
2020-09-28,26.221,27.670,25.830,26.973,3293265.26
2020-09-29,26.973,28.948,26.834,28.822,4414780.77
2020-09-30,28.823,29.549,27.780,29.200,3456590.90
2020-10-01,29.200,29.305,26.193,27.455,4434355.39
2020-10-02,27.454,28.091,25.570,27.285,5191308.82
2020-10-03,27.302,28.255,27.005,28.133,2486140.18
2020-10-04,28.133,29.130,27.850,28.961,2848752.58
2020-10-05,28.973,29.185,28.069,28.616,2309511.07
2020-10-06,28.616,28.940,27.277,27.687,3309469.96
2020-10-07,27.685,27.855,26.836,27.667,2141195.20
2020-10-08,27.664,27.820,26.510,27.669,2264352.22
2020-10-09,27.669,28.490,27.430,28.373,1976557.32
2020-10-10,28.373,29.231,28.077,28.359,1885181.08
2020-10-11,28.359,28.725,27.833,28.501,1513440.09
2020-10-12,28.502,31.100,28.428,30.638,5798244.20
2020-10-13,30.640,31.701,29.957,30.622,4480813.93
2020-10-14,30.623,31.335,30.305,30.800,2709570.37
2020-10-15,30.804,31.701,30.332,31.300,3225994.49
2020-10-16,31.299,31.891,29.560,30.026,4453919.08
2020-10-17,30.031,30.560,29.666,30.200,1681259.96
2020-10-18,30.202,30.950,30.132,30.599,1838350.02
2020-10-19,30.600,30.672,29.700,29.899,2176988.84
2020-10-20,29.899,30.089,28.500,28.831,2639829.66
2020-10-21,28.832,30.420,28.651,29.734,3038475.70
2020-10-22,29.732,31.280,29.682,30.663,2969500.15
2020-10-23,30.658,31.186,30.065,30.630,1900619.78
2020-10-24,30.630,30.850,30.407,30.629,927606.27
2020-10-25,30.629,30.990,29.850,30.107,1470943.00
2020-10-26,30.104,31.370,29.925,31.022,3277614.79
2020-10-27,31.021,32.448,30.821,31.423,4314842.52
2020-10-28,31.415,31.930,29.750,30.322,2931609.08
2020-10-29,30.322,30.423,29.460,29.845,2307279.52
2020-10-30,29.847,30.190,27.451,28.509,3609401.75
2020-10-31,28.510,28.910,28.120,28.504,1636871.66
2020-11-01,28.509,28.685,28.105,28.568,1166370.60
2020-11-02,28.564,29.271,27.773,27.807,2698951.61
2020-11-03,27.806,27.806,25.727,26.878,3416204.58
2020-11-04,26.879,26.979,25.937,26.960,2674949.35
2020-11-05,26.962,27.947,26.674,27.721,3049246.30
2020-11-06,27.723,29.555,27.721,29.052,3610757.42
2020-11-07,29.054,29.914,26.851,27.788,4232157.28
2020-11-08,27.784,28.740,27.485,28.427,1910190.58
2020-11-09,28.421,28.978,27.375,28.100,2500157.58
2020-11-10,28.100,28.539,27.717,28.237,2011956.56
2020-11-11,28.238,28.600,27.811,28.010,1570625.19
2020-11-12,28.012,28.188,27.302,27.712,1509464.91
2020-11-13,27.712,28.488,27.550,28.227,2001986.93
2020-11-14,28.227,28.233,27.408,27.964,1213580.95
2020-11-15,27.959,28.240,27.069,27.681,1611727.73
2020-11-16,27.681,28.231,27.480,27.997,1523268.24
2020-11-17,27.990,28.830,27.958,28.554,2544418.50
2020-11-18,28.561,28.840,27.203,28.120,2854413.67
2020-11-19,28.123,28.388,27.650,28.123,1769669.98
2020-11-20,28.123,29.339,28.074,28.986,2819396.37
2020-11-21,28.986,30.838,28.339,30.581,4992749.70
2020-11-22,30.587,31.362,28.878,30.045,4664400.13
2020-11-23,30.041,31.179,29.821,31.063,4520129.80
2020-11-24,31.057,35.328,30.852,33.919,11036062.96
2020-11-25,33.927,35.423,30.300,31.285,6090274.80
2020-11-26,31.284,31.793,26.409,28.258,9344593.80
2020-11-27,28.263,28.750,27.263,28.500,3319292.13
2020-11-28,28.500,29.722,27.927,29.168,2567869.23
2020-11-29,29.165,30.479,28.910,30.138,2572348.98
2020-11-30,30.138,31.696,29.759,31.535,3329955.45
2020-12-01,31.540,32.000,29.164,30.206,4032903.50
2020-12-02,30.205,30.993,29.504,30.278,2308003.41
2020-12-03,30.286,30.859,29.884,30.721,1656800.75
2020-12-04,30.720,31.160,28.757,29.039,2403792.70
2020-12-05,29.040,30.041,28.682,29.740,1626331.61
2020-12-06,29.730,30.162,29.057,29.499,1398524.30
2020-12-07,29.508,29.668,29.090,29.380,1053377.07
2020-12-08,29.384,29.488,27.453,27.687,1961246.58
2020-12-09,27.682,28.398,26.932,28.152,1476065.49
2020-12-10,28.145,28.243,27.422,27.700,1036482.54
2020-12-11,27.699,27.784,26.747,27.356,1219804.25
2020-12-12,27.359,28.235,27.283,28.162,1029509.45
2020-12-13,28.163,29.323,28.023,29.182,1386617.61
2020-12-14,29.185,30.194,28.690,30.031,2027509.43
2020-12-15,30.040,30.335,29.305,29.470,1372204.44
2020-12-16,29.471,30.670,29.035,30.563,2173014.46
2020-12-17,30.564,31.634,29.746,30.237,3996558.39
2020-12-18,30.238,31.260,29.638,31.000,1958227.68
2020-12-19,31.000,34.356,30.931,33.337,5468744.51
2020-12-20,33.346,35.700,32.600,34.290,6599639.99
2020-12-21,34.297,35.695,31.500,32.130,7192550.36
2020-12-22,32.130,33.858,30.500,33.527,4476925.13
2020-12-23,33.527,34.500,29.800,31.159,5435106.02
2020-12-24,31.161,32.776,30.354,32.504,3172919.14
2020-12-25,32.525,33.532,31.745,33.231,2648964.10
2020-12-26,33.235,34.106,32.578,33.638,2918075.41
2020-12-27,33.641,35.132,31.792,33.676,4249254.43
2020-12-28,33.680,36.268,33.352,36.026,4737639.14
2020-12-29,36.023,39.500,35.372,39.122,7250595.49
2020-12-30,39.127,39.355,36.852,38.224,2447370.68
2020-12-31,38.209,38.280,36.670,37.386,1803543.66
2021-01-01,37.400,39.082,37.000,37.795,2613623.24
2021-01-02,37.795,39.060,36.790,38.271,2789507.96
2021-01-03,38.271,41.906,37.838,41.300,5731756.14
2021-01-04,41.301,43.646,38.011,41.142,6603696.97
2021-01-05,41.126,41.807,38.844,41.799,4157283.50
2021-01-06,41.806,42.328,40.530,42.288,3385263.29
2021-01-07,42.286,44.928,41.300,43.570,4664178.86
2021-01-08,43.566,43.690,40.054,42.394,4283914.41
2021-01-09,42.403,44.301,41.520,43.907,3048897.77
2021-01-10,43.911,45.200,39.786,42.399,4438160.76
2021-01-11,42.394,42.464,35.130,38.104,7471566.19
2021-01-12,38.114,39.998,37.135,38.275,3873565.39
2021-01-13,38.274,40.512,37.000,40.192,3655018.80
2021-01-14,40.208,42.039,39.680,41.911,3023256.98
2021-01-15,41.912,42.690,38.696,40.880,3622510.35
2021-01-16,40.882,44.226,40.689,43.171,4005216.95
2021-01-17,43.169,46.784,41.000,45.857,5321151.21
2021-01-18,45.861,46.967,44.145,45.442,3761963.01
2021-01-19,45.447,47.400,41.686,42.492,5885999.28
2021-01-20,42.477,42.802,40.195,42.607,4038131.83
2021-01-21,42.620,42.714,38.116,38.647,4457043.10
2021-01-22,38.648,41.426,36.810,40.863,4101010.61
2021-01-23,40.855,41.799,39.504,40.925,2586537.96
2021-01-24,40.927,42.273,40.280,41.850,1854955.87
2021-01-25,41.850,43.435,40.500,41.826,2542580.91
2021-01-26,41.835,42.556,39.876,41.873,2217988.98
2021-01-27,41.860,42.131,39.710,40.902,2497721.46
2021-01-28,40.907,42.999,40.360,42.452,2241362.92
2021-01-29,42.452,44.100,41.837,42.863,2967302.44
2021-01-30,42.869,45.156,42.600,44.744,1953602.31
2021-01-31,44.740,45.707,43.374,44.353,1771975.33
2021-02-01,44.345,52.578,43.418,51.483,5792782.90
2021-02-02,51.461,52.888,49.315,50.914,4571265.54
2021-02-03,50.906,52.694,49.751,52.096,2182777.61
2021-02-04,52.095,56.948,51.008,55.968,3742663.91
2021-02-05,55.960,68.800,55.925,67.736,5761391.94
2021-02-06,67.690,75.538,61.520,72.555,12358167.87
2021-02-07,72.548,74.500,64.034,68.269,6571573.68
2021-02-08,68.259,80.386,67.400,80.146,7926793.81
2021-02-09,80.146,116.592,78.785,107.249,17338691.09
2021-02-10,107.254,148.900,107.250,128.901,27321335.80
2021-02-11,128.900,133.605,118.000,124.110,7898640.86
2021-02-12,124.148,141.850,121.000,136.745,7979486.20
2021-02-13,136.728,139.000,124.951,133.500,4435209.64
2021-02-14,133.500,140.417,128.541,135.844,5327989.90
2021-02-15,135.890,140.187,117.189,130.037,5327626.06
2021-02-16,130.036,134.000,126.200,130.334,3003950.45
2021-02-17,130.327,176.920,127.000,165.556,11845430.36
2021-02-18,165.638,201.690,163.257,195.549,15260592.33
2021-02-19,195.571,350.000,195.000,334.094,35904371.35
2021-02-20,334.111,337.000,223.342,252.807,20932443.53
2021-02-21,253.053,309.086,249.001,294.864,14676450.99
2021-02-22,294.945,295.986,219.000,267.467,15428019.61
2021-02-23,267.444,270.081,183.500,230.982,19576669.04
2021-02-24,230.990,280.811,213.200,254.183,14890210.61
2021-02-25,254.194,265.820,231.000,234.376,9071200.41
2021-02-26,234.409,239.772,208.872,221.600,10146456.87
2021-02-27,221.594,238.000,218.991,225.360,5396399.16
2021-02-28,225.330,229.294,195.000,210.110,7904773.17
2021-03-01,210.196,260.000,209.052,255.033,11445294.27
2021-03-02,255.069,265.584,227.121,239.713,7830293.28
2021-03-03,239.673,255.387,236.054,240.499,6569331.17
2021-03-04,240.427,250.311,225.577,229.743,5592589.83
2021-03-05,229.698,231.637,215.700,225.407,5124643.74
2021-03-06,225.409,232.386,219.424,226.349,3351778.24
2021-03-07,226.382,244.389,224.770,240.269,4499987.45
2021-03-08,240.283,243.394,229.000,240.555,3799282.72
2021-03-09,240.553,298.292,235.820,293.464,12635026.59
2021-03-10,293.424,296.500,264.000,278.397,10156146.59
2021-03-11,278.397,316.491,272.434,290.040,12275392.55
2021-03-12,290.040,290.954,246.336,263.372,9784609.14
2021-03-13,263.404,284.933,255.550,276.980,5299618.99
2021-03-14,276.994,277.710,263.114,263.278,3400635.57
2021-03-15,263.431,268.158,249.649,254.523,4745146.30
2021-03-16,254.530,259.902,240.000,258.957,4021206.86
2021-03-17,258.964,272.598,248.624,270.149,3325521.09
2021-03-18,270.187,278.239,257.461,261.699,4023547.21
2021-03-19,261.699,269.486,255.001,262.924,2412866.29
2021-03-20,262.933,274.848,261.585,264.332,2695399.68
2021-03-21,264.305,268.121,257.232,264.852,2342979.86
2021-03-22,264.852,277.607,253.000,254.967,4184146.94
2021-03-23,254.990,263.031,252.000,255.654,3094054.40
2021-03-24,255.605,268.807,240.000,248.468,3981391.25
2021-03-25,248.520,250.084,222.902,233.852,5051270.59
2021-03-26,233.849,255.192,233.744,255.072,3135255.75
2021-03-27,255.046,276.338,248.788,269.619,3929000.15
2021-03-28,269.605,281.670,261.100,268.799,3872203.57
2021-03-29,268.788,278.500,264.520,275.426,2623334.32
2021-03-30,275.421,312.811,271.507,312.347,7941174.14
2021-03-31,312.322,317.890,283.000,302.700,7969896.60
2021-04-01,302.702,340.000,301.000,335.334,6517964.68
2021-04-02,335.374,358.418,325.000,338.821,6764633.33
2021-04-03,338.721,349.800,315.200,322.235,4675679.12
2021-04-04,322.244,352.867,316.116,349.304,4016471.30
2021-04-05,349.277,381.240,335.532,368.763,5689326.56
2021-04-06,368.754,413.068,364.500,403.484,7737755.90
2021-04-07,403.499,414.784,356.777,375.947,11124864.67
2021-04-08,375.947,423.468,372.146,418.755,6253328.86
2021-04-09,418.770,454.842,405.050,454.840,6426818.58
2021-04-10,454.801,489.500,449.895,472.789,8798239.92
2021-04-11,472.860,529.909,460.800,526.179,6886715.60
2021-04-12,526.188,640.500,517.200,598.229,23039501.26
2021-04-13,598.212,605.145,533.500,553.269,10826674.04
2021-04-14,553.352,593.414,519.061,549.788,9289659.77
2021-04-15,549.788,558.324,534.205,542.723,3947360.25
2021-04-16,542.745,549.959,487.556,508.924,9544356.51
2021-04-17,508.919,548.545,506.000,515.342,5197888.39
2021-04-18,515.432,520.684,416.364,482.127,9714866.04
2021-04-19,482.126,540.909,467.235,504.668,9465769.29
2021-04-20,504.642,590.656,472.468,587.206,9366053.79
2021-04-21,586.959,614.800,535.955,544.359,11208729.53
2021-04-22,544.404,584.209,480.000,505.650,11147827.55
2021-04-23,505.674,530.486,447.597,526.227,11796134.67
2021-04-24,526.228,529.158,483.000,497.130,5350238.99
2021-04-25,497.187,518.144,478.548,505.538,3966924.05
2021-04-26,505.543,550.595,502.010,535.358,4855443.57
2021-04-27,535.358,579.885,525.797,569.126,4630435.47
2021-04-28,569.126,580.000,540.000,563.063,3806369.44
2021-04-29,563.053,616.653,554.066,600.325,7353626.11
2021-04-30,600.325,628.950,586.328,623.585,5820798.56
2021-05-01,623.585,645.500,609.459,620.810,3612502.76
2021-05-02,620.813,629.670,596.000,622.071,3226654.83
2021-05-03,622.072,681.576,622.000,676.967,4826440.19
2021-05-04,676.991,679.530,605.000,610.058,6042418.33
2021-05-05,610.058,657.523,605.000,651.969,3253407.15
2021-05-06,652.000,655.347,621.000,634.224,2558175.16
2021-05-07,634.220,645.000,612.348,624.628,2400710.68
2021-05-08,624.617,659.182,619.111,646.270,2655923.32
2021-05-09,646.270,680.000,630.000,662.398,3424033.96
2021-05-10,662.375,692.900,585.059,631.543,4579766.04
2021-05-11,631.525,673.000,621.753,671.200,2466913.90
2021-05-12,671.190,685.000,580.000,594.100,2988758.56
2021-05-13,594.110,633.450,527.000,571.210,6731897.16
2021-05-14,571.140,616.290,565.980,603.470,2583123.40
2021-05-15,603.530,611.540,560.000,563.850,2361014.79
2021-05-16,563.870,607.330,535.010,564.410,2956627.92
2021-05-17,564.410,564.410,483.930,512.440,4903573.52
2021-05-18,512.460,535.000,496.000,508.310,3063472.58
2021-05-19,508.330,516.680,250.000,334.470,12232300.44
2021-05-20,334.460,423.000,284.330,391.380,9016040.46
2021-05-21,391.330,415.790,273.890,325.750,8510825.11
2021-05-22,325.700,335.510,284.740,299.680,6478250.16
2021-05-23,299.630,313.620,211.140,260.610,13121033.09
2021-05-24,260.700,350.340,257.430,345.330,9630202.59
2021-05-25,345.280,376.080,307.000,343.430,8856765.25
2021-05-26,343.440,388.550,336.370,379.180,6414379.53
2021-05-27,379.150,387.600,340.030,369.710,5718913.42
2021-05-28,369.720,373.720,312.460,329.110,7554255.27
2021-05-29,329.120,347.540,295.640,304.170,6285913.68
2021-05-30,304.150,338.310,291.010,325.520,5630651.68
2021-05-31,325.520,356.160,307.060,353.120,5617361.52
2021-06-01,353.140,364.500,339.100,362.130,4956677.01
2021-06-02,362.100,418.450,350.380,401.340,6888672.89
2021-06-03,401.330,432.180,391.140,428.420,5981632.04
2021-06-04,428.520,429.710,365.330,390.830,8155115.32
2021-06-05,390.860,426.550,373.480,389.700,7016327.34
2021-06-06,389.680,400.220,381.390,393.520,3819571.31
2021-06-07,393.550,407.230,352.090,358.000,5888482.30
2021-06-08,358.030,366.440,319.130,352.340,9851325.42
2021-06-09,352.320,378.180,333.340,375.390,7029124.72
2021-06-10,375.420,377.470,344.000,351.880,4950899.63
2021-06-11,351.870,366.500,340.510,345.490,4323389.94
2021-06-12,345.490,348.760,325.180,343.600,4410296.28
2021-06-13,343.600,369.240,330.200,365.830,4089294.14
2021-06-14,365.860,377.360,355.000,369.900,3724321.99
2021-06-15,369.900,379.720,363.000,366.300,3373483.39
2021-06-16,366.360,366.730,343.000,347.240,3353463.43
2021-06-17,347.240,362.340,345.760,352.450,2604926.77
2021-06-18,352.450,356.850,327.000,336.790,3633095.61
2021-06-19,336.790,345.120,331.020,333.770,2454096.95
2021-06-20,333.770,340.460,310.000,338.980,4070183.08
2021-06-21,338.980,342.360,268.000,270.330,8257621.62
2021-06-22,270.310,291.020,225.000,261.920,12127953.13
2021-06-23,261.920,310.830,250.550,295.690,6846050.95
2021-06-24,295.680,316.650,281.120,308.530,5626601.08
2021-06-25,308.520,314.800,275.160,280.750,5858593.97
2021-06-26,280.740,290.490,263.840,279.380,5221781.82
2021-06-27,279.400,291.590,269.240,290.700,4111881.49
2021-06-28,290.700,299.450,283.400,289.820,4282419.76
2021-06-29,289.820,315.640,289.080,300.760,4930215.22
2021-06-30,300.760,304.760,281.300,303.440,4613417.99
2021-07-01,303.500,303.840,280.100,287.380,3582374.05
2021-07-02,287.380,290.570,275.930,286.830,3013603.58
2021-07-03,286.840,303.330,282.500,298.070,2700344.69
2021-07-04,298.100,314.880,292.500,307.580,3191271.10
2021-07-05,307.590,307.600,292.110,301.980,3705270.99
2021-07-06,302.000,322.390,301.680,319.500,4857453.02
2021-07-07,319.500,339.440,318.040,327.410,4382399.91
2021-07-08,327.430,328.270,304.100,309.780,4493527.52
2021-07-09,309.770,319.360,301.520,316.860,2912055.37
2021-07-10,316.860,321.000,310.300,316.110,2271201.24
2021-07-11,316.100,326.720,312.000,321.800,2329832.32
2021-07-12,321.810,334.000,308.210,315.560,3721832.81
2021-07-13,315.530,318.000,305.110,308.820,2943422.65
2021-07-14,308.820,313.260,290.000,309.230,3895142.52
2021-07-15,309.230,323.980,301.110,315.780,5683751.77
2021-07-16,315.780,323.310,301.680,302.710,3981862.91
2021-07-17,302.700,306.400,293.700,300.080,3257255.43
2021-07-18,300.110,308.880,298.320,301.770,2491017.48
2021-07-19,301.780,303.460,278.000,280.270,3841360.33
2021-07-20,280.250,283.320,253.640,264.190,5353473.10
2021-07-21,264.190,299.000,260.600,293.070,4954440.85
2021-07-22,293.100,298.450,287.250,293.000,2856903.00
2021-07-23,293.010,301.340,281.050,299.270,3498940.29
2021-07-24,299.320,307.920,295.400,301.470,2610939.96
2021-07-25,301.460,303.920,292.200,302.170,2095153.03
2021-07-26,302.170,329.050,300.620,303.800,5072279.52
2021-07-27,303.790,318.280,297.320,313.240,3421048.69
2021-07-28,313.210,318.730,307.310,313.670,2805883.55
2021-07-29,313.660,320.530,308.050,317.150,2207945.46
2021-07-30,317.120,326.000,306.000,322.780,2709294.99
2021-07-31,322.810,338.810,317.340,332.500,2763201.74
2021-08-01,332.500,348.150,328.680,332.570,3004681.91
2021-08-02,332.580,338.220,326.360,330.530,2095323.08
2021-08-03,330.560,334.700,317.080,323.460,1931080.62
2021-08-04,323.460,337.190,319.670,334.880,1731136.84
2021-08-05,334.870,340.260,323.550,338.110,2361094.05
2021-08-06,338.080,347.460,330.950,342.280,2191512.01
2021-08-07,342.270,359.990,340.310,356.250,2630137.34
2021-08-08,356.250,360.000,337.030,341.990,2301382.72
2021-08-09,342.000,357.820,333.350,354.460,2406936.13
2021-08-10,354.460,377.340,348.700,372.030,3493320.60
2021-08-11,372.030,409.500,371.170,391.240,3365353.41
2021-08-12,391.230,406.950,371.770,385.800,3557165.77
2021-08-13,385.820,411.720,383.000,411.210,2659844.38
2021-08-14,411.260,419.540,400.000,408.900,2675312.05
2021-08-15,408.900,415.420,396.440,414.400,2007683.55
2021-08-16,414.400,437.920,411.350,415.830,3266173.81
2021-08-17,415.840,436.370,398.660,402.070,3547052.11
2021-08-18,402.120,412.480,384.920,396.210,3075110.14
2021-08-19,396.310,432.300,391.000,431.510,3046364.58
2021-08-20,431.510,458.830,422.030,455.290,2787681.35
2021-08-21,455.300,460.890,445.000,449.250,2472011.57
2021-08-22,449.260,459.000,438.100,449.220,1886759.17
2021-08-23,449.210,510.750,447.230,499.180,5487836.43
2021-08-24,499.190,505.230,461.000,472.230,3726404.71
2021-08-25,472.220,507.760,470.020,503.490,3995276.27
2021-08-26,503.490,519.820,471.000,478.140,4464562.60
2021-08-27,478.240,496.970,467.200,494.950,3079406.89
2021-08-28,495.040,497.560,482.790,486.610,1514514.80
2021-08-29,486.610,496.400,476.110,480.060,1795835.56
2021-08-30,480.040,481.600,457.160,460.290,2117647.15
2021-08-31,460.280,477.850,451.840,464.440,2649162.43
2021-09-01,464.480,490.730,455.640,489.500,2595281.26
2021-09-02,489.500,505.440,478.000,484.080,2643356.52
2021-09-03,484.070,495.050,473.000,488.780,2116484.05
2021-09-04,488.820,511.040,485.550,498.420,2877936.65
2021-09-05,498.470,506.530,488.870,505.710,2014374.36
2021-09-06,505.700,510.550,487.000,496.290,2232675.48
2021-09-07,496.300,505.880,332.950,418.700,6374268.49
2021-09-08,418.680,425.320,381.800,414.840,3459886.66
2021-09-09,414.830,436.640,403.730,421.410,2468629.84
2021-09-10,421.410,439.860,393.240,401.380,2411688.31
2021-09-11,401.380,415.250,399.550,404.810,1338390.91
2021-09-12,404.900,421.670,397.490,416.430,1441281.72
2021-09-13,416.540,419.750,381.360,399.100,2345691.41
2021-09-14,399.050,414.560,395.840,414.280,1429584.31
2021-09-15,414.300,436.690,410.140,431.280,1874783.24
2021-09-16,431.280,433.410,416.000,424.490,1659943.17
2021-09-17,424.480,426.250,400.000,407.140,1448756.71
2021-09-18,407.150,420.390,401.800,410.750,1022237.11
2021-09-19,410.750,419.300,403.170,408.740,1237688.25
2021-09-20,408.770,409.990,353.420,364.150,3409293.39
2021-09-21,364.200,375.520,335.720,344.260,2808203.99
2021-09-22,344.330,379.660,341.890,378.820,1733951.30
2021-09-23,378.830,384.450,369.000,383.360,1424982.96
2021-09-24,383.310,385.000,333.300,354.980,2616311.23
2021-09-25,354.940,360.730,343.350,349.390,1471344.26
2021-09-26,349.380,352.540,319.050,343.930,2648997.24
2021-09-27,343.910,357.690,334.630,335.030,1573105.43
2021-09-28,334.990,344.460,329.490,332.870,1480506.68
2021-09-29,332.860,374.980,331.160,366.680,3193601.65
2021-09-30,366.680,388.530,365.200,386.870,2342233.68
2021-10-01,386.900,422.990,380.880,421.190,2740779.91
2021-10-02,421.250,438.140,410.530,426.630,1849131.26
2021-10-03,426.640,436.990,421.260,430.100,1496837.32
2021-10-04,430.110,430.380,410.310,426.220,1752180.91
2021-10-05,426.190,444.160,423.630,441.860,1693731.82
2021-10-06,441.870,442.460,414.500,434.590,2148062.10
2021-10-07,434.600,450.670,422.840,438.260,1996101.31
2021-10-08,438.260,441.630,416.010,419.380,2130795.20
2021-10-09,419.380,426.150,416.170,422.310,961338.35
2021-10-10,422.310,422.580,401.330,404.100,1370097.95
2021-10-11,404.110,424.460,399.740,413.360,1406226.85
2021-10-12,413.360,445.000,392.140,444.720,4640823.04
2021-10-13,444.730,471.770,433.000,470.180,7057279.47
2021-10-14,470.170,482.270,460.110,472.050,2477903.86
2021-10-15,472.040,477.400,451.480,474.190,2472831.89
2021-10-16,474.180,485.000,455.000,465.010,1725462.12
2021-10-17,465.020,471.230,451.840,470.820,1335988.84
2021-10-18,470.740,487.670,465.550,484.640,2036957.10
2021-10-19,484.600,497.500,478.210,487.010,1697627.88
2021-10-20,486.990,506.660,480.000,500.760,1581775.06
2021-10-21,500.770,505.460,464.620,471.350,3216610.62
2021-10-22,471.310,498.510,471.240,479.790,2057825.78
2021-10-23,479.770,486.270,473.140,486.170,870750.58
2021-10-24,486.200,487.000,468.190,476.290,862521.13
2021-10-25,476.290,489.030,475.320,485.400,833991.56
2021-10-26,485.410,490.700,473.570,478.480,977459.18
2021-10-27,478.500,486.890,429.900,448.650,2213199.66
2021-10-28,448.650,495.050,446.500,492.080,2095795.42
2021-10-29,492.090,534.300,487.320,530.720,2235759.06
2021-10-30,530.730,541.610,510.450,528.950,1516125.34
2021-10-31,528.960,535.390,508.070,524.420,1276264.15
2021-11-01,524.440,551.800,511.000,551.120,1733053.90
2021-11-02,551.110,564.280,537.200,554.590,1246273.32
2021-11-03,554.630,570.000,537.620,568.480,1446943.70
2021-11-04,568.480,568.820,543.970,558.860,1128249.32
2021-11-05,558.870,618.320,554.510,606.430,2855138.92
2021-11-06,606.430,638.000,595.220,637.560,2076726.48
2021-11-07,637.550,669.750,630.000,649.570,2480815.87
2021-11-08,649.560,655.870,632.320,653.560,1716134.79
2021-11-09,653.540,656.930,632.660,635.200,1104634.36
2021-11-10,635.210,662.800,570.000,613.610,2613868.15
2021-11-11,613.610,635.000,605.310,628.210,1174451.10
2021-11-12,628.170,634.360,602.290,626.270,1311896.73
2021-11-13,626.270,654.500,618.670,648.490,1098843.62
2021-11-14,648.490,659.980,634.000,650.200,1150491.68
2021-11-15,650.280,659.280,630.000,633.440,1028971.65
2021-11-16,633.450,634.500,568.000,588.760,2893976.59
2021-11-17,588.730,592.870,554.000,578.410,1792588.04
2021-11-18,578.400,588.470,516.360,532.130,2058960.15
2021-11-19,532.200,585.720,524.200,580.980,1702090.28
2021-11-20,580.980,604.940,573.300,604.660,1250267.69
2021-11-21,604.620,605.430,580.270,584.200,931950.31
2021-11-22,584.250,585.540,554.210,559.790,1335413.88
2021-11-23,559.780,605.700,558.160,591.600,1587689.70
2021-11-24,591.590,594.950,577.310,590.560,1336008.74
2021-11-25,590.560,647.490,587.670,639.300,1874586.40
2021-11-26,639.350,658.940,564.490,587.710,3394718.12
2021-11-27,587.650,621.160,583.900,600.190,1641391.03
2021-11-28,600.180,612.990,571.800,611.520,1819230.49
2021-11-29,611.450,629.710,602.250,624.250,1384038.91
2021-11-30,624.250,635.400,603.760,622.590,1794704.69
2021-12-01,622.650,650.750,619.230,627.450,1794699.14
2021-12-02,627.450,630.950,605.500,620.370,1365181.55
2021-12-03,620.370,628.290,570.770,595.170,1708149.77
2021-12-04,595.180,596.290,484.180,568.070,3061320.83
2021-12-05,568.070,581.630,541.100,557.650,1433343.11
2021-12-06,557.640,592.690,533.220,586.800,2328610.59
2021-12-07,586.770,592.590,571.450,578.340,1243614.83
2021-12-08,578.340,607.230,566.420,607.050,1363455.72
2021-12-09,607.050,616.680,567.290,569.260,1407982.36
2021-12-10,569.270,593.940,550.000,551.940,1399292.18
2021-12-11,551.850,572.510,541.410,564.120,1100350.28
2021-12-12,564.110,574.410,558.510,569.580,718484.56
2021-12-13,569.590,571.650,510.550,520.750,1397026.25
2021-12-14,520.770,534.900,509.780,527.860,1556236.83
2021-12-15,527.830,546.540,501.500,541.180,1551135.35
2021-12-16,541.210,545.340,524.650,526.000,948522.62
2021-12-17,526.010,536.040,510.810,525.500,1196478.07
2021-12-18,525.510,537.870,516.580,533.680,748482.54
2021-12-19,533.680,544.820,527.420,529.710,687353.33
2021-12-20,529.720,534.930,506.000,523.960,892049.82
2021-12-21,523.960,536.010,517.170,528.460,784766.17
2021-12-22,528.510,545.490,527.250,533.740,854668.14
2021-12-23,533.750,552.460,524.330,548.920,938808.37
2021-12-24,548.940,554.460,537.080,542.200,819032.07
2021-12-25,542.210,550.950,539.290,547.500,529846.08
2021-12-26,547.500,549.000,536.000,546.430,618507.66
2021-12-27,546.500,571.990,543.200,563.790,973552.41
2021-12-28,563.790,563.980,528.310,534.130,1282144.16
2021-12-29,534.120,540.550,510.090,514.490,776927.14
2021-12-30,514.490,527.590,508.000,518.410,724739.45
2021-12-31,518.400,528.000,506.010,511.560,898734.52
2022-01-01,511.550,528.160,511.430,527.340,603346.10
2022-01-02,527.360,533.900,518.010,530.910,572079.85
2022-01-03,530.920,533.000,510.410,512.240,795766.94
2022-01-04,512.240,519.850,502.000,506.880,1042411.20
2022-01-05,506.880,515.920,456.200,473.950,1450747.64
2022-01-06,474.000,480.960,458.650,472.460,1298011.04
2022-01-07,472.470,473.760,437.080,448.100,1506628.68
2022-01-08,448.100,459.650,415.460,429.590,1252328.01
2022-01-09,429.600,444.140,426.720,438.330,850190.24
2022-01-10,438.310,445.210,406.460,424.540,1611421.86
2022-01-11,424.510,467.400,421.220,462.870,1769764.64
2022-01-12,462.890,488.410,456.260,487.500,1262509.70
2022-01-13,487.470,488.500,465.860,474.360,1247882.49
2022-01-14,474.290,492.280,466.390,489.510,1175474.83
2022-01-15,489.500,500.270,484.010,493.750,830556.69
2022-01-16,493.750,504.870,488.020,497.950,826029.49
2022-01-17,497.940,498.200,466.470,474.690,1286243.88
2022-01-18,474.690,479.000,456.800,470.530,1175521.67
2022-01-19,470.540,472.590,453.300,461.540,1096429.80
2022-01-20,461.530,478.340,438.100,440.050,1851504.99
2022-01-21,440.070,444.570,373.110,383.570,2443646.22
2022-01-22,383.620,388.980,335.680,358.340,3012172.61
2022-01-23,358.330,388.970,356.180,383.870,1910787.44
2022-01-24,383.860,383.900,336.000,370.930,2416219.80
2022-01-25,370.940,387.900,357.320,384.800,1481220.47
2022-01-26,384.800,402.420,366.000,374.750,1779097.73
2022-01-27,374.780,392.880,359.280,389.360,1635176.05
2022-01-28,389.370,396.390,375.260,385.840,1690112.66
2022-01-29,385.830,397.340,380.530,389.040,1114435.13
2022-01-30,389.040,389.270,372.130,376.840,981385.00
2022-01-31,376.840,385.100,364.770,374.380,1151928.43
2022-02-01,374.400,388.550,373.600,383.930,1093014.20
2022-02-02,383.930,385.970,366.000,366.940,1042518.69
2022-02-03,367.010,372.350,359.150,372.080,959358.35
2022-02-04,372.070,399.420,369.090,399.330,1407258.11
2022-02-05,399.330,430.370,396.140,413.370,1835500.32
2022-02-06,413.370,421.570,406.280,419.640,964364.54
2022-02-07,419.670,438.580,412.790,433.150,1172317.29
2022-02-08,433.140,445.480,406.260,407.940,1455518.29
2022-02-09,407.960,427.490,407.220,422.570,1164173.38
2022-02-10,422.560,435.130,409.590,414.360,1689843.50
2022-02-11,414.370,418.600,392.500,399.810,1228674.22
2022-02-12,399.810,406.990,393.090,403.460,883203.51
2022-02-13,403.480,407.660,394.380,397.820,735432.63
2022-02-14,397.830,404.420,390.310,403.290,876802.26
2022-02-15,403.290,443.300,402.670,432.080,1891608.21
2022-02-16,432.090,433.500,421.910,426.980,1068550.60
2022-02-17,426.980,430.860,399.520,401.980,1194826.95
2022-02-18,402.020,410.960,391.850,398.890,1103745.27
2022-02-19,398.890,406.340,392.570,399.430,782602.83
2022-02-20,399.490,399.770,374.610,380.310,1228339.57
2022-02-21,380.310,393.410,354.640,356.350,2066878.13
2022-02-22,356.340,375.350,347.870,373.940,1624665.92
2022-02-23,373.990,384.210,365.020,365.410,1184214.06
2022-02-24,365.410,370.770,323.020,360.800,3108326.69
2022-02-25,360.810,377.180,356.410,374.670,1258672.16
2022-02-26,374.700,392.790,370.050,373.440,910065.37
2022-02-27,373.460,381.170,357.870,359.980,1137035.75
2022-02-28,359.970,397.370,355.520,395.500,1485043.23
2022-03-01,395.470,429.360,390.970,408.560,2327829.24
2022-03-02,408.610,415.460,403.410,408.950,1153475.22
2022-03-03,408.950,412.760,397.110,402.250,962575.97
2022-03-04,402.240,403.270,371.500,374.050,1197130.93
2022-03-05,374.050,387.220,366.620,384.380,865309.88
2022-03-06,384.410,387.000,372.160,374.640,813431.18
2022-03-07,374.680,385.620,362.360,380.130,1604861.57
2022-03-08,380.120,388.800,376.590,380.990,1340264.20
2022-03-09,381.020,402.450,380.710,392.960,1598742.55
2022-03-10,392.960,394.360,362.760,371.770,1230312.39
2022-03-11,371.750,379.810,364.440,371.800,921756.69
2022-03-12,371.790,379.130,370.650,372.130,562882.47
2022-03-13,372.130,376.990,359.530,361.060,716405.55
2022-03-14,361.060,374.000,359.050,373.270,810016.97
2022-03-15,373.280,374.710,361.350,371.510,740553.28
2022-03-16,371.510,386.600,367.600,385.250,1087376.63
2022-03-17,385.240,393.640,381.580,391.740,806632.70
2022-03-18,391.750,400.300,383.710,396.900,843935.70
2022-03-19,396.910,406.390,394.670,399.710,726942.69
2022-03-20,399.700,400.870,386.220,390.740,616312.91
2022-03-21,390.740,399.160,385.140,395.810,714847.88
2022-03-22,395.820,410.000,394.780,404.050,920796.38
2022-03-23,404.040,411.870,397.740,408.360,788232.23
2022-03-24,408.350,416.550,404.880,414.080,902179.94
2022-03-25,414.090,421.620,405.310,410.150,898707.94
2022-03-26,410.160,416.290,407.230,415.640,466483.97
2022-03-27,415.640,431.720,411.400,430.490,741824.79
2022-03-28,430.480,441.130,427.550,430.430,1045694.35
2022-03-29,430.410,442.000,429.490,434.280,860089.24
2022-03-30,434.270,449.750,425.500,442.170,1053441.85
2022-03-31,442.170,452.700,423.820,428.750,1231302.11
2022-04-01,428.710,448.240,413.010,447.660,1117025.02
2022-04-02,447.660,454.370,435.510,437.300,815505.10
2022-04-03,437.290,455.900,432.010,450.520,735504.22
2022-04-04,450.480,450.670,433.390,447.510,855867.61
2022-04-05,447.510,460.000,444.010,444.580,938054.31
2022-04-06,444.590,444.670,418.040,419.930,1263497.48
2022-04-07,419.870,438.430,416.010,435.780,1094866.90
2022-04-08,435.750,441.000,418.100,421.270,896736.16
2022-04-09,421.230,427.980,419.500,426.480,466443.41
2022-04-10,426.480,429.540,416.540,417.750,597495.62
2022-04-11,417.740,419.430,391.000,394.250,1225224.67
2022-04-12,394.250,416.810,392.100,413.470,1157766.33
2022-04-13,413.470,424.490,410.080,423.020,1256009.65
2022-04-14,423.030,426.870,411.100,414.580,760757.57
2022-04-15,414.580,419.860,412.410,416.940,560730.82
2022-04-16,416.950,418.890,411.500,417.140,400183.81
2022-04-17,417.150,418.200,405.280,406.370,488529.64
2022-04-18,406.370,417.850,395.750,416.670,964721.27
2022-04-19,416.700,424.500,414.530,422.160,842773.91
2022-04-20,422.150,431.440,414.560,418.030,856260.64
2022-04-21,418.020,426.000,400.720,404.670,931774.15
2022-04-22,404.660,413.870,403.160,406.450,759932.92
2022-04-23,406.450,408.060,396.000,400.840,510375.51
2022-04-24,400.840,405.120,396.960,398.630,448935.69
2022-04-25,398.620,405.830,381.790,404.110,1100960.85
2022-04-26,404.120,407.510,380.450,385.670,958912.49
2022-04-27,385.650,394.720,383.100,391.210,801963.01
2022-04-28,391.220,408.430,388.170,406.800,1282360.05
2022-04-29,406.800,410.450,389.460,392.690,916921.92
2022-04-30,392.690,399.850,375.730,376.520,780989.76
2022-05-01,376.520,391.280,374.900,389.600,750979.93
2022-05-02,389.550,392.350,381.910,389.320,706575.94
2022-05-03,389.320,392.170,379.500,383.520,564647.53
2022-05-04,383.520,402.930,382.400,402.290,840117.47
2022-05-05,402.300,414.000,370.000,378.060,1978236.02
2022-05-06,378.060,383.200,370.320,378.890,1003890.61
2022-05-07,378.890,380.510,359.750,365.300,784221.28
2022-05-08,365.300,366.920,349.010,355.730,1075905.35
2022-05-09,355.750,359.190,294.680,295.500,2629604.41
2022-05-10,295.470,332.560,288.370,318.900,2881545.74
2022-05-11,318.900,322.810,260.040,271.260,3559749.91
2022-05-12,271.260,285.050,216.390,268.540,5510005.36
2022-05-13,268.540,313.250,265.030,290.450,2530481.62
2022-05-14,290.430,299.270,271.680,296.660,1586861.01
2022-05-15,296.650,312.670,285.260,312.050,1278913.47
2022-05-16,312.060,312.200,290.000,297.000,1530734.98
2022-05-17,297.030,310.530,295.780,305.910,1229899.76
2022-05-18,305.910,308.440,286.260,287.360,1385025.13
2022-05-19,287.420,308.930,286.320,306.700,1485233.57
2022-05-20,306.750,316.400,293.710,301.950,1975481.57
2022-05-21,301.950,313.980,298.990,312.130,961901.74
2022-05-22,312.140,323.600,311.180,319.100,1297813.20
2022-05-23,319.060,336.900,315.000,316.920,2154002.89
2022-05-24,316.920,330.450,311.510,328.140,2287314.91
2022-05-25,328.130,337.880,323.600,325.370,1913889.89
2022-05-26,325.370,331.830,295.000,302.650,3015380.05
2022-05-27,302.580,309.750,290.200,301.360,2732795.38
2022-05-28,301.370,310.670,296.620,307.260,1306482.06
2022-05-29,307.270,307.950,298.180,305.670,1279213.55
2022-05-30,305.670,323.970,303.690,321.570,2026665.34
2022-05-31,321.610,324.820,313.180,320.860,1436771.00
2022-06-01,320.850,324.600,297.150,300.250,1818491.01
2022-06-02,300.290,309.120,297.880,308.180,1131724.91
2022-06-03,308.180,310.190,293.000,298.360,1259528.89
2022-06-04,298.360,303.000,294.380,301.210,833671.36
2022-06-05,301.240,302.480,294.470,298.950,969504.78
2022-06-06,298.910,312.620,286.800,294.770,2209575.08
2022-06-07,294.770,295.980,273.200,290.150,3697795.19
2022-06-08,290.170,294.570,283.730,288.260,1576192.59
2022-06-09,288.270,293.350,286.060,289.640,967259.86
2022-06-10,289.640,299.300,282.180,286.070,2288187.72
2022-06-11,286.070,290.490,264.900,269.670,2106150.18
2022-06-12,269.670,271.840,250.590,254.550,2478261.99
2022-06-13,254.510,257.760,213.000,222.840,5576953.34
2022-06-14,222.810,231.340,203.810,222.980,4321800.76
2022-06-15,222.990,234.560,198.140,233.510,5239003.76
2022-06-16,233.470,237.200,207.510,210.130,2981163.47
2022-06-17,210.130,221.970,207.630,215.640,2285712.78
2022-06-18,215.640,218.990,182.970,196.800,4412622.54
2022-06-19,196.790,216.800,189.530,214.860,3281401.39
2022-06-20,214.860,219.580,204.510,216.370,2715520.80
2022-06-21,216.350,228.220,212.940,219.900,2327216.72
2022-06-22,219.920,220.800,211.000,214.020,2090339.67
2022-06-23,214.030,230.670,213.790,228.650,2633034.09
2022-06-24,228.660,243.400,228.100,240.030,2135351.54
2022-06-25,240.040,242.000,229.330,239.490,1612632.23
2022-06-26,239.450,245.460,233.000,233.800,1462174.58
2022-06-27,233.800,240.900,229.900,233.620,1585578.32
2022-06-28,233.620,242.590,225.670,226.800,2205991.91
2022-06-29,226.800,229.550,215.210,219.550,1990015.12
2022-06-30,219.570,220.110,205.420,219.420,2338381.16
2022-07-01,219.430,226.660,213.310,216.650,2399212.50
2022-07-02,216.690,219.680,213.590,218.140,1293629.91
2022-07-03,218.150,220.200,213.930,218.970,1381108.61
2022-07-04,218.950,232.130,214.500,231.400,1806089.90
2022-07-05,231.390,236.430,222.710,230.530,2325401.85
2022-07-06,230.550,239.980,228.800,238.360,2122998.63
2022-07-07,238.370,243.710,235.060,241.240,1683314.33
2022-07-08,241.250,249.000,236.800,240.450,2011203.30
2022-07-09,240.460,244.980,240.430,243.090,932609.22
2022-07-10,243.100,243.290,231.510,234.570,1275968.45
2022-07-11,234.570,234.880,224.810,225.430,1376849.69
2022-07-12,225.430,228.170,219.900,220.330,1431523.63
2022-07-13,220.340,230.900,216.130,230.280,2388838.89
2022-07-14,230.290,240.000,226.880,238.460,1931864.91
2022-07-15,238.460,242.600,235.350,238.460,1356107.34
2022-07-16,238.460,251.570,233.710,249.750,1615934.27
2022-07-17,249.710,255.640,246.400,247.630,1551025.94
2022-07-18,247.640,265.630,247.500,263.960,1994212.49
2022-07-19,263.960,274.770,255.650,268.540,2121950.70
2022-07-20,268.550,271.880,256.280,258.110,1837624.34
2022-07-21,258.110,265.880,250.490,265.490,1468808.37
2022-07-22,265.450,271.360,261.070,262.280,1325475.63
2022-07-23,262.280,272.710,252.510,258.900,1638795.61
2022-07-24,258.910,266.220,257.080,261.190,1053232.77
2022-07-25,261.200,262.590,244.010,244.500,1527082.05
2022-07-26,244.510,249.560,239.400,249.310,1352071.63
2022-07-27,249.290,272.100,247.390,271.540,2116504.58
2022-07-28,271.540,280.930,263.600,277.100,2070397.14
2022-07-29,277.100,302.570,274.770,293.900,3100487.69
2022-07-30,293.900,300.500,284.920,287.760,1937426.74
2022-07-31,287.800,297.260,282.030,283.310,1435179.37
2022-08-01,283.320,290.550,277.850,283.120,1372291.85
2022-08-02,283.120,291.270,274.090,283.660,1897902.05
2022-08-03,283.680,305.900,278.070,297.530,2378613.59
2022-08-04,297.540,313.670,297.130,311.710,3251014.13
2022-08-05,311.720,321.340,308.000,315.700,2608972.56
2022-08-06,315.700,322.990,312.590,315.140,1674866.78
2022-08-07,315.140,326.000,308.210,322.770,2115584.57
2022-08-08,322.770,333.990,321.000,324.550,2343153.95
2022-08-09,324.540,328.500,312.060,324.300,2054151.89
2022-08-10,324.300,336.900,313.470,328.660,3111154.02
2022-08-11,328.660,334.680,321.650,323.290,1863553.58
2022-08-12,323.290,328.000,317.510,327.880,1635804.27
2022-08-13,327.900,333.000,322.500,324.000,1567750.15
2022-08-14,324.000,330.800,315.430,317.600,1483287.31
2022-08-15,317.590,327.330,313.570,319.310,1833422.31
2022-08-16,319.290,322.290,311.690,315.940,1456876.10
2022-08-17,315.930,324.160,303.500,306.750,2133079.41
2022-08-18,306.790,310.400,295.220,297.960,1749054.81
2022-08-19,297.960,298.150,273.100,278.990,2892940.58
2022-08-20,278.990,288.860,276.550,283.410,1888916.00
2022-08-21,283.410,304.310,283.170,301.610,2478139.64
2022-08-22,301.610,305.000,288.540,299.820,2516372.94
2022-08-23,299.820,301.790,293.490,299.140,1806970.07
2022-08-24,299.150,300.420,293.870,296.060,1545887.35
2022-08-25,296.060,307.860,295.510,301.000,1567672.11
2022-08-26,301.010,302.330,276.960,279.300,2266578.32
2022-08-27,279.310,284.450,272.800,277.660,1560621.56
2022-08-28,277.660,283.900,275.300,276.230,1434558.06
2022-08-29,276.230,286.560,271.940,285.610,2162177.72
2022-08-30,285.620,291.940,276.210,281.420,2077155.32
2022-08-31,281.420,289.920,277.440,278.990,1805983.38
2022-09-01,278.990,280.210,270.290,278.180,1867546.39
2022-09-02,278.180,283.500,273.330,277.220,1572494.28
2022-09-03,277.210,278.660,274.000,277.640,696975.84
2022-09-04,277.640,280.680,274.740,278.980,887989.61
2022-09-05,278.970,282.470,273.030,276.700,1165569.09
2022-09-06,276.700,286.400,260.220,262.240,2492979.44
2022-09-07,262.230,280.680,257.740,278.950,1724893.13
2022-09-08,278.960,282.890,275.210,280.410,1542173.57
2022-09-09,280.410,295.950,279.890,293.140,1505091.93
2022-09-10,293.140,298.480,290.230,296.470,1025193.27
2022-09-11,296.470,297.890,289.350,295.070,804809.74
2022-09-12,295.070,300.000,290.560,293.810,1370480.10
2022-09-13,293.800,298.500,275.160,277.230,1856311.65
2022-09-14,277.220,282.580,273.000,279.140,1280447.11
2022-09-15,279.140,280.310,266.400,270.950,1450498.36
2022-09-16,270.940,276.330,268.220,274.760,1107493.71
2022-09-17,274.750,279.820,274.380,278.760,663363.70
2022-09-18,278.770,280.360,262.130,266.190,1178431.27
2022-09-19,266.180,273.090,256.300,271.800,1711658.62
2022-09-20,271.800,273.580,264.920,266.130,1095316.60
2022-09-21,266.130,276.470,260.000,263.700,1731125.00
2022-09-22,263.700,276.450,263.230,275.210,1259379.60
2022-09-23,275.210,277.600,268.100,276.450,1295727.70
2022-09-24,276.460,285.310,274.000,274.320,1469625.39
2022-09-25,274.320,279.860,270.900,274.040,1069732.24
2022-09-26,274.010,276.830,270.530,276.010,1101271.03
2022-09-27,276.000,286.650,268.000,272.030,1785896.47
2022-09-28,272.030,283.680,266.200,281.470,1536301.46
2022-09-29,281.470,285.450,276.880,284.040,1469398.95
2022-09-30,284.060,289.760,280.380,284.650,1610532.91
2022-10-01,284.650,285.300,277.600,282.800,773576.71
2022-10-02,282.810,287.990,279.240,284.630,978480.96
2022-10-03,284.630,288.990,283.000,286.830,1208709.28
2022-10-04,286.840,298.350,286.000,296.000,1277434.78
2022-10-05,295.990,296.120,289.190,293.980,917613.59
2022-10-06,293.980,297.800,278.000,286.760,2296853.58
2022-10-07,286.770,286.770,279.200,282.160,1779227.74
2022-10-08,282.150,282.590,275.270,276.230,848461.92
2022-10-09,276.240,279.420,275.020,278.200,696640.22
2022-10-10,278.190,279.100,271.140,271.470,1022889.84
2022-10-11,271.470,273.860,267.000,271.400,1091096.90
2022-10-12,271.390,272.880,269.180,270.800,750582.36
2022-10-13,270.800,273.660,255.000,271.400,2116323.33
2022-10-14,271.390,276.650,267.390,269.300,1135601.69
2022-10-15,269.300,271.320,267.180,267.960,509635.39
2022-10-16,267.960,273.740,267.720,272.310,600305.40
2022-10-17,272.310,275.820,269.510,275.540,734925.44
2022-10-18,275.530,275.900,270.120,272.990,795262.09
2022-10-19,272.980,273.870,270.200,271.780,630654.29
2022-10-20,271.790,273.290,267.100,268.800,798786.29
2022-10-21,268.810,271.080,263.090,269.880,979839.70
2022-10-22,269.890,271.060,268.120,270.270,375436.96
2022-10-23,270.280,276.640,268.420,275.730,652279.77
2022-10-24,275.740,277.380,271.380,274.020,671641.35
2022-10-25,274.030,289.750,271.780,284.040,1622059.68
2022-10-26,284.050,291.950,284.040,290.060,1194211.68
2022-10-27,290.040,293.220,284.420,286.670,1220581.89
2022-10-28,286.680,301.080,285.520,297.850,1703353.21
2022-10-29,297.850,308.420,295.470,304.420,2009675.24
2022-10-30,304.410,319.300,302.140,313.420,2119755.13
2022-10-31,313.420,337.880,306.410,325.590,4298471.38
2022-11-01,325.600,334.250,316.880,323.670,2154109.81
2022-11-02,323.660,329.630,315.010,319.980,2337902.08
2022-11-03,319.980,339.000,317.830,329.360,2702424.87
2022-11-04,329.350,358.990,327.970,354.360,3226092.61
2022-11-05,354.370,361.000,345.830,348.970,1660276.61
2022-11-06,348.960,356.330,337.420,337.690,1593381.25
2022-11-07,337.690,344.190,326.040,336.810,3006304.57
2022-11-08,336.810,399.910,298.170,326.950,12141918.87
2022-11-09,326.970,332.640,260.000,266.520,7429076.14
2022-11-10,266.530,311.930,262.110,303.840,4331441.11
2022-11-11,303.850,305.920,278.140,290.080,2500929.25
2022-11-12,290.080,293.430,271.310,282.670,1831003.82
2022-11-13,282.680,286.360,273.000,276.410,1365077.83
2022-11-14,276.400,292.160,267.580,278.850,2899668.01
2022-11-15,278.850,282.540,272.900,276.830,1941769.22
2022-11-16,276.890,280.230,268.220,271.700,1754311.85
2022-11-17,271.720,273.400,262.930,267.820,1763629.04
2022-11-18,267.820,274.780,267.510,273.890,1279304.52
2022-11-19,273.880,274.500,268.830,272.330,869212.92
2022-11-20,272.330,273.880,261.360,264.110,1227348.13
2022-11-21,264.110,265.080,249.120,253.920,2497180.85
2022-11-22,253.930,267.790,251.990,266.620,1727673.63
2022-11-23,266.640,302.160,264.800,298.490,4996679.33
2022-11-24,298.460,303.840,293.450,299.860,2634888.34
2022-11-25,299.860,306.610,293.630,300.430,2224501.41
2022-11-26,300.430,318.000,299.420,310.950,3043808.81
2022-11-27,310.960,316.310,305.940,307.360,1681129.74
2022-11-28,307.340,309.190,286.000,293.160,3108085.64
2022-11-29,293.160,304.990,288.510,295.130,2159345.90
2022-11-30,295.140,305.270,292.000,300.110,2627825.67
2022-12-01,300.100,301.530,290.120,292.300,3296858.67
2022-12-02,292.300,294.040,284.380,293.490,2024065.31
2022-12-03,293.490,294.500,288.980,290.350,1038670.52
2022-12-04,290.350,293.090,287.080,291.950,1004041.37
2022-12-05,291.940,297.250,286.010,288.390,1505984.56
2022-12-06,288.400,290.790,286.440,290.210,904184.64
2022-12-07,290.200,291.000,280.000,284.020,1151685.74
2022-12-08,284.010,291.990,282.290,290.340,1167705.79
2022-12-09,290.340,292.100,284.500,285.910,984260.54
2022-12-10,285.910,289.850,285.630,288.030,437168.02
2022-12-11,288.020,291.490,283.170,284.380,796560.71
2022-12-12,284.390,285.740,271.450,276.140,3088891.51
2022-12-13,276.140,282.360,255.340,272.340,8174597.75
2022-12-14,272.340,278.670,265.000,267.700,3748097.02
2022-12-15,267.700,268.140,256.500,258.850,2561799.65
2022-12-16,258.840,264.770,222.960,230.740,6245544.82
2022-12-17,230.730,245.000,218.930,241.750,6595404.85
2022-12-18,241.740,254.200,238.970,250.780,5162521.00
2022-12-19,250.770,252.870,236.460,240.230,4377059.47
2022-12-20,240.240,253.680,239.030,251.090,3425483.64
2022-12-21,251.100,251.350,245.000,246.070,1713273.14
2022-12-22,246.070,248.270,240.000,245.690,2368418.48
2022-12-23,245.700,248.740,243.330,245.950,1547434.48
2022-12-24,245.950,246.150,243.000,244.310,738879.96
2022-12-25,244.310,245.740,241.000,243.110,1155002.07
2022-12-26,243.110,244.900,241.710,244.260,865906.28
2022-12-27,244.260,250.000,242.000,246.520,1613541.30
2022-12-28,246.530,247.370,241.280,244.420,1708713.93
2022-12-29,244.420,246.810,243.140,246.120,1328638.57
2022-12-30,246.130,246.540,242.530,245.740,1108524.46
2022-12-31,245.730,248.000,244.730,246.110,821800.63
2023-01-01,246.110,246.590,243.250,244.360,793153.38
2023-01-02,244.350,247.880,240.400,245.070,1476135.06
2023-01-03,245.060,246.900,244.020,245.970,917619.33
2023-01-04,245.970,260.900,245.470,258.540,2601842.57
2023-01-05,258.550,258.900,255.000,256.440,1016972.84
2023-01-06,256.430,260.500,253.950,259.690,1642251.62
2023-01-07,259.690,264.000,259.210,261.110,722545.09
2023-01-08,261.100,277.000,259.830,274.700,1576056.16
2023-01-09,274.700,283.550,271.270,272.440,2398756.73
2023-01-10,272.440,278.650,270.070,277.020,1433539.80
2023-01-11,277.010,287.400,273.910,284.740,1506445.25
2023-01-12,284.740,288.670,276.510,287.520,2285067.64
2023-01-13,287.520,296.250,284.630,293.670,1784645.31
2023-01-14,293.670,315.300,293.150,305.250,3307812.49
2023-01-15,305.260,306.240,292.000,302.200,1490260.82
2023-01-16,302.200,308.190,293.000,299.020,1710474.04
2023-01-17,299.010,306.000,294.000,299.280,1351462.88
2023-01-18,299.280,305.480,281.100,286.440,2936274.92
2023-01-19,286.440,295.400,285.820,294.400,1188547.72
2023-01-20,294.390,305.660,286.690,305.240,2112548.65
2023-01-21,305.240,310.550,298.160,299.120,2167116.69
2023-01-22,299.130,312.000,298.450,303.190,1788927.68
2023-01-23,303.190,308.240,300.620,305.360,1372118.46
2023-01-24,305.350,324.080,299.100,300.320,3016081.57
2023-01-25,300.310,314.050,292.800,306.840,2146066.87
2023-01-26,306.840,309.490,301.300,304.680,1430128.86
2023-01-27,304.700,310.730,298.550,308.070,1219829.56
2023-01-28,308.070,313.790,303.510,306.080,990764.68
2023-01-29,306.090,320.710,304.710,317.120,1839919.46
2023-01-30,317.130,321.260,300.880,307.180,1797667.17
2023-01-31,307.170,314.470,305.320,312.150,1203941.20
2023-02-01,312.150,319.580,305.610,317.200,1643075.51
2023-02-02,317.210,334.990,316.430,323.720,2683379.58
2023-02-03,323.710,335.820,318.540,332.380,2443842.28
2023-02-04,332.380,334.340,327.100,330.410,1002090.57
2023-02-05,330.400,338.180,323.000,327.940,2107857.38
2023-02-06,327.930,331.620,320.600,324.570,1362741.92
2023-02-07,324.560,333.940,323.260,333.150,1246474.40
2023-02-08,333.160,336.010,323.490,328.280,1269788.51
2023-02-09,328.280,329.250,301.410,305.910,2287840.43
2023-02-10,305.910,309.050,302.050,305.520,1208371.41
2023-02-11,305.500,311.130,304.810,310.220,724516.72
2023-02-12,310.230,320.700,305.200,312.260,1575199.48
2023-02-13,312.260,315.910,282.380,294.040,6962657.44
2023-02-14,294.040,301.530,289.600,296.060,2999906.97
2023-02-15,296.060,317.630,293.800,317.260,2489381.45
2023-02-16,317.270,328.100,303.810,304.070,3672174.32
2023-02-17,304.070,317.000,302.500,312.940,2252434.98
2023-02-18,312.910,318.850,312.810,316.210,1155808.17
2023-02-19,316.210,318.650,310.000,311.250,1354109.24
2023-02-20,311.270,319.590,307.170,315.280,1588132.31
2023-02-21,315.320,317.280,309.030,311.400,1484155.50
2023-02-22,311.390,312.840,303.200,312.390,1669340.27
2023-02-23,312.390,315.000,305.730,308.200,1312730.81
2023-02-24,308.210,311.940,298.190,302.110,1394921.64
2023-02-25,302.100,302.820,295.070,302.180,839195.08
2023-02-26,302.180,309.800,300.510,308.420,728094.86
2023-02-27,308.420,309.320,300.240,304.500,1280202.77
2023-02-28,304.510,305.580,299.520,301.180,953580.14
2023-03-01,301.180,306.410,300.240,302.480,953073.81
2023-03-02,302.480,303.730,295.530,299.790,1185328.62
2023-03-03,299.790,300.000,285.000,290.340,1420217.14
2023-03-04,290.330,291.380,285.510,289.450,761157.86
2023-03-05,289.450,292.630,287.130,288.580,831518.44
2023-03-06,288.590,289.590,283.090,287.630,1323637.35
2023-03-07,287.640,290.510,283.160,289.140,1461067.68
2023-03-08,289.140,294.170,285.000,286.900,1949141.09
2023-03-09,286.900,291.280,270.820,276.890,2423657.99
2023-03-10,276.900,277.970,264.510,277.040,2501371.11
2023-03-11,277.030,281.680,270.040,275.820,1887842.16
2023-03-12,275.830,288.770,273.090,288.040,1606932.56
2023-03-13,288.040,313.500,285.990,307.930,3755320.09
2023-03-14,307.930,319.750,302.020,308.670,2639347.69
2023-03-15,308.650,312.910,300.040,306.430,2039781.64
2023-03-16,306.430,332.320,302.920,329.050,4914848.68
2023-03-17,329.050,339.940,325.200,338.630,2854198.50
2023-03-18,338.620,345.770,326.000,330.820,2465286.55
2023-03-19,330.820,341.430,329.910,335.810,1610135.34
2023-03-20,335.800,338.740,330.440,332.080,1814357.45
2023-03-21,332.080,339.500,326.190,334.520,1639048.98
2023-03-22,334.510,338.400,316.000,321.060,3545949.80
2023-03-23,321.060,331.820,318.820,329.080,1293418.24
2023-03-24,329.040,329.700,316.550,321.800,1409259.98
2023-03-25,321.810,324.820,318.860,322.110,844548.15
2023-03-26,322.100,329.140,321.510,328.280,678934.99
2023-03-27,328.280,329.650,305.460,310.200,2562131.50
2023-03-28,310.190,315.850,306.620,313.170,1405772.50
2023-03-29,313.180,320.000,312.290,313.620,1159167.49
2023-03-30,313.620,321.000,308.500,316.050,1553568.35
2023-03-31,316.040,319.800,312.500,316.740,838917.97
2023-04-01,316.730,318.310,312.600,314.720,523993.64
2023-04-02,314.730,315.970,310.360,313.570,470704.21
2023-04-03,313.570,313.880,297.430,308.470,1643622.69
2023-04-04,308.470,313.210,307.810,310.730,774570.40
2023-04-05,310.720,316.920,310.070,313.850,852810.95
2023-04-06,313.850,315.330,310.000,312.040,728616.80
2023-04-07,312.040,312.600,309.120,310.270,445819.24
2023-04-08,310.260,312.640,309.890,310.370,344159.82
2023-04-09,310.370,313.810,309.280,312.600,426564.42
2023-04-10,312.620,318.570,311.560,318.500,678310.05
2023-04-11,318.510,333.750,317.760,322.570,1719678.22
2023-04-12,322.560,323.600,316.740,320.020,933581.09
2023-04-13,320.020,325.040,317.810,324.840,789233.42
2023-04-14,324.830,336.140,323.190,328.820,1614062.15
2023-04-15,328.810,336.830,327.100,333.330,966653.32
2023-04-16,333.320,351.600,330.000,347.850,1806327.49
2023-04-17,347.860,350.600,337.520,340.250,1547619.90
2023-04-18,340.260,346.720,337.000,343.270,952932.06
2023-04-19,343.270,343.990,319.630,322.370,1454805.68
2023-04-20,322.370,326.820,315.140,317.990,1021030.33
2023-04-21,317.990,337.100,315.380,321.080,2405048.20
2023-04-22,321.080,333.960,319.460,331.820,1110423.60
2023-04-23,331.830,331.970,326.800,330.380,890369.08
2023-04-24,330.380,333.490,326.210,330.750,1166059.02
2023-04-25,330.750,340.640,327.990,338.040,1301971.60
2023-04-26,338.030,345.070,321.630,330.400,1987007.81
2023-04-27,330.390,335.990,327.000,330.400,1404090.22
2023-04-28,330.390,330.390,317.490,323.810,2947397.01
2023-04-29,323.810,324.580,320.560,321.740,597076.19
2023-04-30,321.740,337.780,320.280,336.840,1967046.77
2023-05-01,336.850,338.340,325.340,328.190,2135730.73
2023-05-02,328.190,328.190,320.600,321.590,1421914.46
2023-05-03,321.600,327.360,320.390,325.740,1584526.65
2023-05-04,325.750,327.340,323.040,323.690,636892.93
2023-05-05,323.680,328.800,322.000,326.330,985236.22
2023-05-06,326.340,328.280,318.960,321.750,920259.91
2023-05-07,321.760,325.150,320.440,320.970,623848.75
2023-05-08,320.970,321.960,310.000,313.550,1260634.77
2023-05-09,313.550,315.290,311.000,311.910,738223.24
2023-05-10,311.910,316.560,306.400,314.160,1219255.88
2023-05-11,314.160,314.260,303.990,307.270,1002322.89
2023-05-12,307.270,308.920,301.000,308.320,985004.06
2023-05-13,308.310,311.760,307.260,310.620,570630.59
2023-05-14,310.610,314.840,309.410,311.920,582741.14
2023-05-15,311.910,316.400,310.300,313.250,639240.95
2023-05-16,313.260,313.860,309.120,311.230,580865.40
2023-05-17,311.220,314.410,306.720,314.290,776917.21
2023-05-18,314.290,315.180,305.940,309.140,817772.38
2023-05-19,309.150,311.420,307.000,308.740,499527.64
2023-05-20,308.730,312.090,307.690,310.700,331677.57
2023-05-21,310.690,311.690,305.550,306.360,434289.36
2023-05-22,306.350,311.430,304.220,309.170,645377.18
2023-05-23,309.170,315.640,309.150,313.500,681245.39
2023-05-24,313.500,313.620,303.660,305.900,873056.05
2023-05-25,305.900,307.030,302.130,304.710,618346.03
2023-05-26,304.720,308.540,301.250,306.810,960900.60
2023-05-27,306.800,307.900,304.010,307.550,374284.63
2023-05-28,307.560,314.950,306.860,314.360,682110.15
2023-05-29,314.360,317.720,310.650,311.980,1070544.69
2023-05-30,311.970,314.530,310.870,311.540,654718.93
2023-05-31,311.530,311.950,305.090,306.900,852712.31
2023-06-01,306.890,307.860,303.200,305.120,594443.01
2023-06-02,305.110,308.630,303.220,307.390,664082.25
2023-06-03,307.380,308.450,305.100,306.730,376272.50
2023-06-04,306.740,307.820,304.650,305.230,451668.85
2023-06-05,305.230,305.230,271.510,277.000,3755220.36
2023-06-06,277.010,285.870,273.040,281.180,2505579.11
2023-06-07,281.180,281.810,253.390,259.220,4030499.22
2023-06-08,259.210,267.750,257.040,261.960,2265428.31
2023-06-09,261.960,264.770,255.470,260.780,2231023.56
2023-06-10,260.770,260.930,225.000,238.740,5086626.10
2023-06-11,238.750,239.110,232.910,235.190,1724882.28
2023-06-12,235.190,239.470,220.000,231.230,6906042.49
2023-06-13,231.230,248.500,228.430,243.920,5075774.55
2023-06-14,243.920,252.970,232.320,237.780,5234509.50
2023-06-15,237.780,240.750,230.300,236.330,3049489.21
2023-06-16,236.340,244.000,231.770,239.170,2850142.16
2023-06-17,239.160,249.820,237.120,244.440,2121252.56
2023-06-18,244.440,248.770,242.110,244.010,1704558.30
2023-06-19,244.010,245.250,237.350,243.020,1864754.51
2023-06-20,243.030,248.260,238.400,247.930,2078879.73
2023-06-21,247.940,254.950,245.150,248.940,3198906.10
2023-06-22,248.940,257.190,239.240,240.910,3018282.56
2023-06-23,240.920,250.000,239.710,244.530,2272927.19
2023-06-24,244.530,248.820,229.000,236.330,2612315.18
2023-06-25,236.330,242.280,234.950,238.970,1873286.83
2023-06-26,238.960,241.500,233.610,236.150,1971264.29
2023-06-27,236.160,241.100,234.540,237.450,1257834.49
2023-06-28,237.460,237.580,221.200,230.520,2245899.76
2023-06-29,230.510,236.840,230.360,233.120,1300936.30
2023-06-30,233.120,241.980,230.300,240.450,2510590.42
2023-07-01,240.450,249.540,240.210,247.990,1780078.63
2023-07-02,248.000,248.750,242.830,246.770,1518525.66
2023-07-03,246.780,257.680,245.100,246.620,2005610.96
2023-07-04,246.630,246.970,240.150,242.530,1355949.47
2023-07-05,242.540,244.000,235.000,238.850,1488816.87
2023-07-06,238.840,244.440,231.100,231.920,2085629.96
2023-07-07,231.930,236.130,230.510,235.430,1356610.54
2023-07-08,235.440,237.470,233.530,236.130,789956.21
2023-07-09,236.130,236.990,232.580,233.910,725965.91
2023-07-10,233.910,246.300,231.000,245.970,3648725.07
2023-07-11,245.970,249.440,244.180,248.340,1925877.89
2023-07-12,248.330,250.070,242.120,243.700,1827922.10
2023-07-13,243.690,259.020,242.410,255.990,2956153.81
2023-07-14,255.990,261.380,241.040,247.890,3055424.75
2023-07-15,247.890,252.000,246.510,250.790,1134172.85
2023-07-16,250.780,251.700,241.120,241.910,1387170.22
2023-07-17,241.900,244.980,238.000,244.030,2391936.14
2023-07-18,244.030,246.500,237.000,240.480,2459009.48
2023-07-19,240.470,244.300,239.850,241.050,1359015.04
2023-07-20,241.060,245.260,240.490,242.930,1337104.92
2023-07-21,242.940,245.660,242.210,243.880,951563.51
2023-07-22,243.890,245.080,240.180,241.230,612751.51
2023-07-23,241.220,244.120,240.560,242.540,567029.35
2023-07-24,242.540,243.280,235.160,239.020,1265213.70
2023-07-25,239.030,240.000,236.210,237.860,831381.30
2023-07-26,237.860,240.650,236.450,239.050,896825.78
2023-07-27,239.050,244.840,238.500,240.880,863978.59
2023-07-28,240.880,243.110,239.840,241.930,642988.69
2023-07-29,241.930,243.080,241.220,242.640,287503.85
2023-07-30,242.650,244.060,240.390,242.720,865723.61
2023-07-31,242.710,244.710,240.570,241.040,789062.07
2023-08-01,241.040,248.470,237.000,247.870,2235032.68
2023-08-02,247.870,248.830,234.800,240.640,2066573.85
2023-08-03,240.640,242.000,238.260,241.010,842852.71
2023-08-04,241.000,243.470,240.110,241.730,753107.58
2023-08-05,241.720,243.370,239.950,243.340,488150.25
2023-08-06,243.340,245.590,242.770,243.260,634042.37
2023-08-07,243.260,245.090,239.370,241.960,948728.34
2023-08-08,241.960,248.580,241.380,245.240,993139.46
2023-08-09,245.240,245.580,242.710,243.900,704680.20
2023-08-10,243.900,243.990,240.340,241.330,695204.10
2023-08-11,241.330,242.000,237.950,239.760,835463.10
2023-08-12,239.750,241.230,239.330,240.180,350181.45
2023-08-13,240.170,241.750,239.570,239.920,327318.70
2023-08-14,239.910,241.400,239.500,240.350,424722.63
2023-08-15,240.340,240.670,232.210,236.730,859103.70
2023-08-16,236.720,237.310,230.100,231.960,1096799.22
2023-08-17,231.960,232.320,204.430,217.890,2301238.87
2023-08-18,217.880,220.240,213.230,215.970,1678659.12
2023-08-19,215.970,219.100,213.140,216.800,811986.85
2023-08-20,216.800,218.000,215.230,216.410,459976.08
2023-08-21,216.410,216.720,205.300,210.220,2198456.84
2023-08-22,210.220,213.170,202.640,210.840,2586539.61
2023-08-23,210.840,218.840,210.630,216.530,2128683.63
2023-08-24,216.530,221.200,215.400,219.060,1475519.76
2023-08-25,219.070,219.630,213.440,218.360,1235788.80
2023-08-26,218.370,219.410,216.020,216.340,433747.88
2023-08-27,216.350,219.840,215.790,218.350,570805.87
2023-08-28,218.340,219.520,215.080,218.750,849659.49
2023-08-29,218.750,239.000,216.880,226.870,1930897.70
2023-08-30,226.870,227.220,221.640,223.830,763215.31
2023-08-31,223.830,226.020,213.910,216.580,1076654.67
2023-09-01,216.580,218.400,211.110,213.650,1178020.90
2023-09-02,213.660,215.970,213.000,214.330,527842.92
2023-09-03,214.330,215.180,213.130,214.350,387336.71
2023-09-04,214.350,216.690,213.040,215.190,810363.40
2023-09-05,215.190,216.060,213.440,214.510,627176.58
2023-09-06,214.500,219.810,211.580,215.220,855131.91
2023-09-07,215.210,217.900,213.530,217.110,707029.46
2023-09-08,217.120,218.900,213.330,214.620,717857.59
2023-09-09,214.630,215.480,214.140,214.200,291152.93
2023-09-10,214.210,214.240,210.810,212.280,799731.29
2023-09-11,212.280,212.680,203.750,206.080,1492870.36
2023-09-12,206.080,214.890,204.940,210.730,1646456.07
2023-09-13,210.740,213.380,209.280,212.630,892685.01
2023-09-14,212.630,215.490,209.590,212.040,893183.79
2023-09-15,212.050,214.900,210.790,214.000,674322.35
2023-09-16,214.010,215.830,213.170,214.740,579713.99
2023-09-17,214.740,216.910,213.100,216.310,656273.54
2023-09-18,216.300,221.460,215.000,215.990,1514483.11
2023-09-19,215.980,219.990,215.310,217.220,769627.28
2023-09-20,217.210,219.040,212.780,214.390,832763.76
2023-09-21,214.400,215.290,209.200,210.910,976988.61
2023-09-22,210.900,212.340,209.700,211.150,542359.64
2023-09-23,211.160,211.790,209.940,210.520,263789.79
2023-09-24,210.530,211.360,206,208.340,452883.06
2023-09-25,208.340,210.690,206.520,210.060,696868.51
2023-09-26,210.070,214,209.820,212.680,832483.65
2023-09-27,212.670,216.130,210.520,212.150,913447.87
2023-09-28,212.140,217.200,211.620,215.060,845149.15
2023-09-29,215.070,217.620,214.460,215.210,624880.30
2023-09-30,215.220,216.590,214.100,214.690,415539.66
2023-10-01,214.680,219.930,213.130,218.290,845811.45
2023-10-02,218.290,221.730,213.190,214.700,1271741.29
2023-10-03,214.700,215.920,212.340,213.460,717473.92
2023-10-04,213.460,213.830,210.790,213.450,716411.88
2023-10-05,213.450,214.090,210.270,210.800,599115.09
2023-10-06,210.790,214.690,210.250,213.420,610055.16
2023-10-07,213.430,213.990,211.630,212.330,291054.39
2023-10-08,212.340,213,208.730,211.420,550912.91
2023-10-09,211.430,212.310,201.430,205.830,1363022.86
2023-10-10,205.830,215,205.560,208.590,1507507.66
2023-10-11,208.580,208.880,204.160,206.610,1081048.84
2023-10-12,206.610,207.470,202.570,205.290,895955.80
2023-10-13,205.280,208.430,204.400,206.050,637209.50
2023-10-14,206.060,207.140,205.760,206.600,257532.42
2023-10-15,206.600,212,206.360,209.870,685642.77
2023-10-16,209.870,220.140,209.660,214.750,1423734.84
2023-10-17,214.750,215.140,208.750,211.550,850586
2023-10-18,211.540,214.080,210,210.370,509110.37
2023-10-19,210.370,211.590,208.100,211.320,558544.30
2023-10-20,211.330,216.800,210.630,212.170,856401.02
2023-10-21,212.170,215.990,211.490,214.320,578895.49
2023-10-22,214.330,218.820,213.680,217.950,660305.78
2023-10-23,217.950,231.730,217.050,228.800,1803856.50
2023-10-24,228.810,238.460,221.490,225.320,2111174.48
2023-10-25,225.330,229.320,221.630,222.290,1205240.83
2023-10-26,222.280,228.490,218.600,223.320,1475859.55
2023-10-27,223.330,233,220.010,224.180,1883700.29
2023-10-28,224.180,228.710,224.130,225.800,606598.81
2023-10-29,225.810,228.290,223.600,227.200,465688.44
2023-10-30,227.200,229.390,224.610,228.100,742118.21
2023-10-31,228.110,229.490,223.370,226.350,804827.05
2023-11-01,226.350,230.150,222.420,228.150,945051.54
2023-11-02,228.150,233.970,227.700,232.030,1439237.93
2023-11-03,232.020,232.630,225.540,230.400,959756.38
2023-11-04,230.390,238.770,229.510,237.360,835599.55
2023-11-05,237.350,245.640,236.340,244,1294305.17
2023-11-06,244,256,241.580,255.270,1734899.25
2023-11-07,255.280,255.690,242.210,246.390,1609174.86
2023-11-08,246.380,249.670,244.150,246.780,1040251.60
2023-11-09,246.780,256.360,238.900,251.840,2330828.07
2023-11-10,251.850,258.310,248.050,251.140,1489276.24
2023-11-11,251.130,255.380,246.030,251.660,1109684.69
2023-11-12,251.650,252.110,243,247.680,858886.45
2023-11-13,247.690,250.370,240.220,241.160,1107331.59
2023-11-14,241.160,249.770,233,242.400,1522251.72
2023-11-15,242.400,254.800,242.240,254.020,1379068.80
2023-11-16,254.020,256.120,240.100,242.820,1639285.16
2023-11-17,242.810,246.040,238.450,244.970,1104324.17
2023-11-18,244.960,245.380,238.570,244.910,660615.55
2023-11-19,244.910,247.050,242,246.550,637888.60
2023-11-20,246.550,269.340,233.460,253.270,3373122.52
2023-11-21,253.260,272.420,224,225.660,9702082.76
2023-11-22,225.660,238.490,224.620,236.380,3584881.97
2023-11-23,236.390,239.420,230.300,233.890,1573333.64
2023-11-24,233.880,237,231.580,232.860,1240754.31
2023-11-25,232.860,235.850,232.250,234.450,652469.49
2023-11-26,234.440,234.500,227.760,231.920,993331.96
2023-11-27,231.910,233.100,222.500,227.420,1442608.02
2023-11-28,227.410,231.950,224.370,229.690,1077045.65
2023-11-29,229.700,231.450,226.320,227.430,789061.15
2023-11-30,227.430,229.370,226.160,227.670,701197.25
2023-12-01,227.660,230.140,227.160,228.640,812707.35
2023-12-02,228.640,230.570,226.410,229.240,827934.05
2023-12-03,229.230,232.040,226.080,228.230,1218955.01
2023-12-04,228.240,237.590,223.030,233.660,2912390.62
2023-12-05,233.650,235.190,227.960,231.430,1647883.45
2023-12-06,231.440,235.150,228.560,229.600,1894332.97
2023-12-07,229.600,235,228.370,232.810,1671999.13
2023-12-08,232.810,240.220,231,239.100,1845001.66
2023-12-09,239.090,245.920,236.210,237.870,2073301.81
2023-12-10,237.860,241.510,236.760,239.960,996496.08
2023-12-11,239.960,248.410,225.580,246.630,4361370.04
2023-12-12,246.630,257.130,245.650,253.640,3758584.38
2023-12-13,253.640,255.950,244.160,251.860,2147289.19
2023-12-14,251.860,254.190,245.500,253.070,1571194.60
2023-12-15,253.080,253.290,242.100,244.550,1147137.16
2023-12-16,244.550,248.420,242.420,244.160,727608.81
2023-12-17,244.160,244.370,238.710,238.970,814485.93
2023-12-18,238.970,241.880,232.010,241.860,1465287.95
2023-12-19,241.850,254.410,241.510,252.350,2400521.24
2023-12-20,252.350,261.450,250.240,259.970,2018595.16
2023-12-21,259.970,274.650,256.200,271.910,2075590.66
2023-12-22,271.910,276.030,264.700,271.070,1675695.24
2023-12-23,271.070,271.970,265.360,270.750,724021.58
2023-12-24,270.760,272.180,260.530,264.020,1046557.59
2023-12-25,264.000,268.150,261.110,266.560,830507.12
2023-12-26,266.560,302.900,263.820,297.510,5142935.23
2023-12-27,297.500,324.130,285.000,323.760,3928291.07
2023-12-28,323.750,337.730,319.200,322.210,4582442.88
2023-12-29,322.200,325.250,306.460,313.290,2408793.98
2023-12-30,313.290,320.480,311.840,316.710,1141399.89
2023-12-31,316.690,324.790,306.380,311.330,1294462.46
2024-01-01,311.330,315.370,306.650,313.530,893204.63
2024-01-02,313.530,321.140,304.900,311.880,1412989.05
2024-01-03,311.880,334.300,285.380,315.600,4187171.99
2024-01-04,315.600,324.150,310.580,323.020,1605932.56
2024-01-05,323.020,326.600,308.000,317.140,1720089.71
2024-01-06,317.130,317.140,300.020,307.200,1356866.81
2024-01-07,307.200,309.410,299.200,302.060,841739.14
2024-01-08,302.060,307.810,289.170,303.840,1751017.33
2024-01-09,303.850,306.900,295.850,301.370,1643131.47
2024-01-10,301.370,310.420,289.020,305.990,1432577.58
2024-01-11,305.990,317.000,301.400,308.510,1926277.05
2024-01-12,308.500,313.350,288.480,296.810,1609467.98
2024-01-13,296.820,303.270,290.960,302.350,729110.34
2024-01-14,302.360,306.890,298.890,299.670,728241.82
2024-01-15,299.670,322.230,299.580,317.140,2438420.66
2024-01-16,317.140,318.870,312.630,315.050,1168273.94
2024-01-17,315.040,316.160,306.170,309.250,1504606.87
2024-01-18,309.250,315.000,305.550,312.730,1409050.09
2024-01-19,312.730,315.750,304.540,314.390,1312335.16
2024-01-20,314.400,317.140,311.880,317.030,645245.87
2024-01-21,317.030,321.580,316.040,318.410,694838.94
2024-01-22,318.410,320.000,303.300,305.800,1369031.98
2024-01-23,305.800,311.200,290.100,298.520,1587110.53
2024-01-24,298.530,300.450,289.940,292.910,1301183.12
2024-01-25,292.920,296.400,287.460,292.080,1421956.81
2024-01-26,292.090,303.960,290.680,302.070,966165.46
2024-01-27,302.080,307.730,301.880,305.680,557398.07
2024-01-28,305.680,308.990,303.110,305.240,666650.45
2024-01-29,305.250,311.000,304.420,310.670,658865.79
2024-01-30,310.680,313.130,306.330,307.590,614069.47
2024-01-31,307.590,308.060,298.460,300.530,883196.04
2024-02-01,300.530,302.120,296.390,300.140,729061.38
2024-02-02,300.140,305.280,299.700,301.270,588363.33
2024-02-03,301.280,303.740,299.520,299.660,359716.63
2024-02-04,299.670,307.800,297.910,304.720,853662.19
2024-02-05,304.720,306.940,299.340,301.130,943266.70
2024-02-06,301.130,303.650,300.740,302.770,517638.95
2024-02-07,302.770,308.790,300.700,307.410,682532.21
2024-02-08,307.410,320.330,307.400,318.540,1440848.95
2024-02-09,318.540,325.820,317.080,323.780,1151659.48
2024-02-10,323.780,324.800,318.490,322.590,524957.56
2024-02-11,322.580,324.240,319.610,320.430,420924.57
2024-02-12,320.430,330.540,315.220,327.660,1073787.11
2024-02-13,327.660,328.990,317.690,324.300,841424.00
2024-02-14,324.300,334.420,323.020,333.470,836892.37
2024-02-15,333.470,366.400,332.900,353.890,2307886.78
2024-02-16,353.900,367.110,350.650,360.250,1612624.31
2024-02-17,360.240,363.300,348.000,352.410,1101306.98
2024-02-18,352.420,357.800,348.710,349.870,809089.19
2024-02-19,349.870,356.500,349.250,351.830,1085141.90
2024-02-20,351.830,361.690,344.930,354.860,1593378.17
2024-02-21,354.870,378.870,351.200,378.690,2592601.68
2024-02-22,378.680,387.210,373.170,382.330,2027407.16
2024-02-23,382.330,385.380,368.640,375.290,1312326.52
2024-02-24,375.290,382.770,371.250,381.270,573372.47
2024-02-25,381.270,391.030,377.530,388.280,864379.16
2024-02-26,388.280,405.000,381.600,401.460,1737603.36
2024-02-27,401.460,403.690,389.010,394.270,1235404.50
2024-02-28,394.270,426.920,393.690,414.580,2430780.38
2024-02-29,414.590,419.980,390.930,399.620,1854342.41
2024-03-01,399.620,408.900,399.280,407.650,835071.30
2024-03-02,407.660,415.600,406.290,411.170,784123.67
2024-03-03,411.170,417.190,401.000,414.730,1083638.95
2024-03-04,414.730,424.440,410.770,418.870,1288721.56
2024-03-05,418.870,428.060,352.010,394.190,3018377.59
2024-03-06,394.190,434.920,385.820,429.640,2385420.25
2024-03-07,429.640,477.120,423.330,474.550,2250851.20
2024-03-08,474.550,489.870,462.000,485.290,2102162.40
2024-03-09,485.300,494.340,479.270,488.050,1126548.51
2024-03-10,488.060,538.560,484.330,529.090,2503182.23
2024-03-11,529.090,534.480,504.570,523.060,1971317.40
2024-03-12,523.060,548.870,518.740,537.690,3016700.42
2024-03-13,537.700,634.680,532.100,631.020,3648058.40
2024-03-14,631.010,632.000,565.550,603.750,3337861.74
2024-03-15,603.760,636.120,542.000,633.010,4160358.79
2024-03-16,633.020,646.090,567.060,576.840,2795252.45
2024-03-17,576.840,590.750,548.560,571.500,2104298.28
2024-03-18,571.500,587.630,540.230,555.660,2510937.07
2024-03-19,555.660,560.970,498.000,507.960,3172340.45
2024-03-20,507.970,559.470,500.290,556.990,2303872.52
2024-03-21,557.000,571.590,541.110,554.130,1616245.11
2024-03-22,554.140,587.860,534.500,554.310,2244398.96
2024-03-23,554.320,568.020,543.700,552.150,1062709.89
2024-03-24,552.150,573.780,549.270,568.360,800451.10
2024-03-25,568.360,598.590,565.470,587.480,1309709.17
2024-03-26,587.470,597.990,572.000,580.560,932471.04
2024-03-27,580.570,586.280,562.700,574.800,925282.66
2024-03-28,574.810,592.280,574.600,583.830,918087.14
2024-03-29,583.830,621.060,582.720,612.350,1835058.01
2024-03-30,612.340,612.830,596.230,600.250,784066.42
2024-03-31,600.260,608.120,600.010,606.030,478045.71
2024-04-01,606.040,607.020,568.060,576.420,1300070.69
2024-04-02,576.410,578.640,546.850,551.830,1368777.65
2024-04-03,551.840,568.400,539.330,562.130,968906.75
2024-04-04,562.130,597.190,561.210,584.340,1463045.88
2024-04-05,584.310,590.000,564.100,577.660,1063642.30
2024-04-06,577.660,590.870,574.520,585.010,436905.76
2024-04-07,585.010,590.150,577.440,583.450,425587.31
2024-04-08,583.450,601.020,577.210,586.720,794638.41
2024-04-09,586.730,590.870,571.500,580.820,909066.10
2024-04-10,580.820,611.470,573.560,610.030,1592012.20
2024-04-11,610.040,618.550,592.300,604.850,1202258.85
2024-04-12,604.850,632.000,563.330,595.200,2609470.73
2024-04-13,595.190,599.480,489.000,553.330,3347671.68
2024-04-14,553.340,569.990,535.740,566.000,1768433.67
2024-04-15,566.010,585.000,543.620,552.180,1439954.25
2024-04-16,552.190,553.370,522.230,537.520,1373098.80
2024-04-17,537.510,547.400,512.240,533.940,1333946.84
2024-04-18,533.950,555.550,526.730,551.950,1251213.65
2024-04-19,551.950,563.940,523.420,553.770,1222202.00
2024-04-20,553.770,574.000,548.200,570.370,574665.75
2024-04-21,570.370,582.410,565.920,579.310,673717.51
2024-04-22,579.310,608.690,578.060,604.370,1211896.39
2024-04-23,604.370,619.400,598.500,605.740,1246282.02
2024-04-24,605.740,617.770,592.290,608.470,1455249.49
2024-04-25,608.460,617.310,600.360,612.550,1144327.71
2024-04-26,612.570,614.360,596.120,597.470,808951.52
2024-04-27,597.480,598.990,583.010,595.740,776506.81
2024-04-28,595.740,607.000,595.600,599.640,598081.70
2024-04-29,599.650,602.000,578.090,592.620,841333.54
2024-04-30,592.610,604.280,555.000,577.720,1915319.57
2024-05-01,577.720,579.920,535.910,561.450,1471623.48
2024-05-02,561.460,565.730,541.010,560.210,899221.56
2024-05-03,560.210,589.830,558.570,586.650,822717.10
2024-05-04,586.660,593.110,582.000,584.780,501154.02
2024-05-05,584.790,594.820,577.000,591.560,476732.94
2024-05-06,591.570,602.250,582.540,587.810,705410.05
2024-05-07,587.820,600.300,575.330,575.860,713300.34
2024-05-08,575.870,589.880,573.630,588.220,789760.66
2024-05-09,588.220,609.000,586.190,596.420,1224153.38
2024-05-10,596.430,596.540,581.060,585.260,682770.88
2024-05-11,585.270,594.430,581.200,592.030,522583.40
2024-05-12,592.030,598.740,587.020,594.250,447566.70
2024-05-13,594.260,598.150,584.480,591.290,818586.96
2024-05-14,591.300,592.600,559.730,566.590,1086396.34
2024-05-15,566.580,586.400,560.500,580.810,883654.09
2024-05-16,580.820,585.970,564.650,568.480,754853.18
2024-05-17,568.480,584.560,567.850,580.520,553210.15
2024-05-18,580.530,581.780,574.010,580.270,361660.36
2024-05-19,580.270,581.790,571.000,574.310,350633.16
2024-05-20,574.320,602.250,568.000,599.710,1033376.20
2024-05-21,599.720,632.890,593.400,619.020,1934809.54
2024-05-22,619.020,626.910,610.270,615.240,946578.06
2024-05-23,615.240,617.680,577.730,599.660,1254197.80
2024-05-24,599.670,605.640,588.580,600.550,589332.89
2024-05-25,600.550,607.000,599.590,602.480,273086.25
2024-05-26,602.470,605.530,598.200,600.650,297627.05
2024-05-27,600.650,615.290,599.890,604.130,512483.10
2024-05-28,604.130,606.300,593.710,601.910,573286.98
2024-05-29,601.910,603.990,593.330,595.770,403274.71
2024-05-30,595.760,602.890,586.500,595.340,489198.91
2024-05-31,595.350,599.370,590.170,594.030,386498.74
2024-06-01,594.030,609.000,593.460,602.390,348182.01
2024-06-02,602.400,606.380,596.310,603.400,429604.02
2024-06-03,603.400,639.600,601.690,626.860,1628930.68
2024-06-04,626.860,689.750,625.180,686.160,2134571.69
2024-06-05,686.150,718.970,685.240,699.320,1915876.80
2024-06-06,699.330,723.200,691.770,711.290,1511948.00
2024-06-07,711.280,712.150,657.420,684.000,1600513.18
2024-06-08,683.990,695.120,677.670,682.610,748875.40
2024-06-09,682.600,684.810,670.150,673.160,545797.24
2024-06-10,673.170,674.930,613.480,625.000,2014200.69
2024-06-11,624.990,629.420,594.000,602.180,1690943.49
2024-06-12,602.180,634.440,590.880,619.280,1358132.54
2024-06-13,619.290,619.780,595.440,599.700,837892.82
2024-06-14,599.710,612.160,590.000,603.110,804730.26
2024-06-15,603.100,609.590,601.180,607.990,357943.90
2024-06-16,607.990,611.920,601.030,610.650,334480.17
2024-06-17,610.660,612.530,591.000,603.960,748479.01
2024-06-18,603.970,604.800,574.000,588.500,1159675.55
2024-06-19,588.510,605.950,586.510,598.920,766860.38
2024-06-20,598.920,607.680,584.010,587.320,699632.26
2024-06-21,587.310,589.250,577.500,586.110,596098.92
2024-06-22,586.120,591.340,580.700,590.980,272469.90
2024-06-23,590.980,593.000,575.520,577.400,411188.37
2024-06-24,577.410,581.910,550.550,567.950,1102456.62
2024-06-25,567.950,579.930,566.500,577.940,529481.38
2024-06-26,577.940,584.500,567.170,573.090,471280.61
2024-06-27,573.090,584.650,566.180,581.750,454476.60
2024-06-28,581.750,585.330,566.010,567.700,476506.29
2024-06-29,567.700,574.160,567.070,570.400,237895.61
2024-06-30,570.390,585.300,568.500,582.630,357709.19
2024-07-01,582.640,588.500,576.600,577.170,372766.36
2024-07-02,577.180,582.260,574.200,580.300,349957.83
2024-07-03,580.310,581.290,550.050,556.910,703526.99
2024-07-04,556.920,558.680,511.230,513.220,1266395.75
2024-07-05,513.210,515.830,452.630,497.540,2142933.47
2024-07-06,497.530,530.800,495.750,526.150,678190.05
2024-07-07,526.150,526.800,488.300,490.640,885679.11
2024-07-08,490.640,524.230,470.030,510.280,1532917.83
2024-07-09,510.280,521.160,506.250,516.670,518102.22
2024-07-10,516.670,529.550,511.130,524.680,530949.22
2024-07-11,524.690,547.000,520.260,524.870,784323.57
2024-07-12,524.860,537.600,516.920,534.090,512739.30
2024-07-13,534.090,539.700,527.270,532.460,367342.22
2024-07-14,532.450,547.660,531.260,544.760,379151.41
2024-07-15,544.740,586.660,543.760,585.100,766189.04
2024-07-16,585.100,587.570,554.650,576.050,807167.68
2024-07-17,576.050,584.020,564.120,568.790,490550.94
2024-07-18,568.800,579.600,561.460,571.960,435567.36
2024-07-19,571.960,599.330,565.000,593.590,888430.90
2024-07-20,593.580,598.220,586.680,593.200,333812.07
2024-07-21,593.200,603.970,580.790,602.470,545788.96
2024-07-22,602.470,606.020,585.760,587.310,473933.97
2024-07-23,587.310,593.590,577.010,582.190,565009.32
2024-07-24,582.190,589.010,570.000,574.780,382932.41
2024-07-25,574.780,576.180,553.080,570.940,752645.18
2024-07-26,570.930,583.100,570.400,581.040,377831.76
2024-07-27,581.040,593.020,573.040,581.910,490613.36
2024-07-28,581.920,585.340,574.790,584.210,237478.19
2024-07-29,584.210,597.640,572.620,574.460,536206.75
2024-07-30,574.460,588.520,566.830,588.340,403873.86
2024-07-31,588.320,593.340,575.170,576.790,547231.94
2024-08-01,576.790,578.400,553.740,575.370,686430.82
2024-08-02,575.380,577.970,540.710,543.150,822269.40
2024-08-03,543.150,545.500,521.360,529.640,731950.23
2024-08-04,529.700,532.320,486.140,496.920,973439.86
2024-08-05,496.920,500.010,397.290,464.200,4117190.59
2024-08-06,464.210,496.000,463.440,484.780,1242996.30
2024-08-07,484.770,497.430,468.060,474.990,1021467.37
2024-08-08,474.990,521.740,467.400,517.050,835448.54
2024-08-09,517.040,518.320,498.530,508.870,518058.62
2024-08-10,508.880,525.710,507.210,523.290,330596.47
2024-08-11,523.300,536.700,502.300,503.680,672804.37
2024-08-12,503.670,524.180,499.410,518.480,923988.72
2024-08-13,518.490,527.770,513.000,524.240,727182.02
2024-08-14,524.240,531.720,515.090,523.180,564224.07
2024-08-15,523.190,533.970,509.880,518.870,681716.27
2024-08-16,518.860,524.320,509.630,519.470,530352.51
2024-08-17,519.470,547.900,518.200,541.810,479487.50
2024-08-18,541.810,542.580,530.860,531.280,344039.78
2024-08-19,531.270,561.180,529.000,558.770,710343.66
2024-08-20,558.760,574.880,558.270,569.370,886997.11
2024-08-21,569.380,574.760,545.850,569.790,794680.46
2024-08-22,569.790,589.500,559.030,582.800,869224.83
2024-08-23,582.800,597.870,573.820,591.290,793292.06
2024-08-24,591.280,591.980,575.030,580.430,670430.23
2024-08-25,580.430,583.800,568.000,573.480,501059.19
2024-08-26,573.490,575.210,546.410,548.030,620064.68
2024-08-27,548.030,558.210,520.520,533.170,826002.36
2024-08-28,533.170,546.760,522.010,537.050,980619.06
2024-08-29,537.050,545.350,530.420,536.310,529104.17
2024-08-30,536.300,543.240,521.570,535.010,586255.20
2024-08-31,535.010,541.220,531.000,532.830,232622.95
2024-09-01,532.840,533.140,507.000,512.050,624154.08
2024-09-02,512.060,530.600,501.700,526.410,676551.50
2024-09-03,526.420,538.540,518.000,518.850,612693.39
